Accessible data table begins in Cell A5. Item descriptions are contained within input messages in Row 5.,,,,,,,,,,,,,,,,,,,,,,,,,,,,,,,,,,,,
"General Relief and Interim Assistance to Applicants for SSI/SSP
Monthly Caseload and Expenditure Report
(GR 237)",,,,,,,PART A.  CASELOAD (GENERAL RELIEF AND INTERIM ASSISTANCE),,,,,,PART B.  CASELOAD AND EXPENDITURES,,,,,,,,,,,PART C.  SSI/SSP INTERIM ASSISTANCE,,,,,,,,,,,PART E. NET GENERAL RELIEF EXPENDITURES,
,,,,,,,Adjustment,"1. Cases
brought
forward","2. Cases 
added
during 
month",3. Total cases available during month,4. Cases discontinued during month,5. Cases carried forward to next month,6. Total cases,a. Family cases,b. One-person cases,6. Total cases,a. Family cases,b. One-person cases,6. Total GR,(1) Amount in cash,(2) Amount in kind,a. Family cases,b. One-person cases,7. Cases added during month,8. Total SSA checks disposed of during month,8a. Disposed within 1-10 working days,9. SSA sent SSI/SSP check directly to recipient,10. Denial notice received,"11. Reimburse-
ments during the month",11a. SSA check received,11b. Repaid by recipient,"11. Reimburse-
ments during the month",11a. SSA check received,11b. Repaid by recipient,,
,,,,,,,,,,,,,"CASES
A",,,"PERSONS
B",,,"AMOUNT
C",,,,,,,,,,"CASES
A",,,"AMOUNT
C",,,"Net General Relief
Expenditure",
Date,County Name, ,County Code,SFY,FFY,Report Month,Cell 1,Cell 2,Cell 3,Cell 4,Cell 5,Cell 6,Cell 7,Cell 8,Cell 9,Cell 10,Cell 11,Cell 12,Cell 13,Cell 14,Cell 15,Cell 16,Cell 17,Cell 18,Cell 19,Cell 20,Cell 21,Cell 22,Cell 23,Cell 24,Cell 25,Cell 26,Cell 27,Cell 28,Cell 29,
Jul20,Statewide,,00,2020-21,2020,Jul 2020,*,145175,8699,153874,9961,143913,150614,2851,147763,153708,5945,147763,37450632,36927520,523112,786818,36663814,2783,453,449,*,683,537,452,85,1743784,1681340,62444,35706848,
Jul20,Alameda,,01,2020-21,2020,Jul 2020,-15,7802,399,8201,1395,6806,8215,99,8116,8314,198,8116,2873990,2871549,2441,52181,2821809,*,33,33,0,69,33,33,0,153145,153145,0,2720845,
Jul20,Alpine,,02,2020-21,2020,Jul 2020,0,0,0,0,0,0,0,0,0,0,0,0,0,0,0,0,0,0,0,0,0,0,0,0,0,0,0,0,0,
Jul20,Amador,,03,2020-21,2020,Jul 2020,0,*,*,*,*,*,*,0,*,*,0,*,958,958,0,0,958,0,0,0,0,0,0,0,0,0,0,0,958,
Jul20,Butte,,04,2020-21,2020,Jul 2020,0,475,62,537,177,360,538,0,538,538,0,538,273712,273712,0,0,273712,*,*,*,0,0,*,*,*,32662,28559,4103,241050,
Jul20,Calaveras,,05,2020-21,2020,Jul 2020,0,*,*,*,0,*,*,0,*,*,0,*,4073,1575,2498,0,4073,*,0,0,0,0,0,0,0,355,0,355,3718,
Jul20,Colusa,,06,2020-21,2020,Jul 2020,0,*,*,29,*,*,*,0,*,*,0,*,520,520,0,0,520,0,0,0,0,0,0,0,0,0,0,0,520,
Jul20,Contra Costa,,07,2020-21,2020,Jul 2020,-7,532,40,572,101,471,579,0,579,579,0,579,131386,122836,8550,0,131386,0,*,*,0,27,*,*,0,10235,10235,0,121151,
Jul20,Del Norte,,08,2020-21,2020,Jul 2020,0,39,0,39,16,23,23,0,23,23,0,23,6158,6158,0,0,6158,0,0,0,0,0,0,0,0,0,0,0,6158,
Jul20,El Dorado,,09,2020-21,2020,Jul 2020,0,34,29,63,48,15,70,0,70,70,0,70,13632,11262,2370,0,13632,0,0,0,0,0,12,*,*,4760,4060,700,8872,
Jul20,Fresno,,10,2020-21,2020,Jul 2020,-78,2195,247,2442,750,1692,2474,*,*,2484,20,2464,525574,525574,0,3488,522086,110,21,21,0,28,21,21,0,61723,61723,0,463851,
Jul20,Glenn,,11,2020-21,2020,Jul 2020,0,*,*,34,*,*,27,0,27,27,0,27,7514,7514,0,0,7514,0,0,0,0,0,0,0,0,0,0,0,7514,
Jul20,Humboldt,,12,2020-21,2020,Jul 2020,0,145,35,180,76,104,180,0,180,180,0,180,35481,34766,715,0,35481,*,*,*,0,*,*,0,*,24711,7356,17355,10770,
Jul20,Imperial,,13,2020-21,2020,Jul 2020,0,*,*,44,12,32,75,0,75,75,0,75,15214,3645,11569,0,15214,0,0,0,0,0,0,0,0,0,0,0,15214,
Jul20,Inyo,,14,2020-21,2020,Jul 2020,0,27,0,27,*,*,27,0,27,27,0,27,12478,12478,0,0,12478,0,0,0,0,0,0,0,0,0,0,0,12478,
Jul20,Kern,,15,2020-21,2020,Jul 2020,0,1719,201,1920,208,1712,1292,*,*,1298,12,1286,484841,484841,0,3186,481655,62,12,12,0,*,13,*,*,50684,50103,581,434157,
Jul20,Kings,,16,2020-21,2020,Jul 2020,0,*,*,38,*,*,38,0,38,38,0,38,5660,0,5660,0,5660,0,0,0,0,0,0,0,0,25,0,25,5635,
Jul20,Lake,,17,2020-21,2020,Jul 2020,0,0,0,0,0,0,0,0,0,0,0,0,0,0,0,0,0,0,0,0,0,0,0,0,0,0,0,0,0,
Jul20,Lassen,,18,2020-21,2020,Jul 2020,0,70,13,83,39,44,44,0,44,44,0,44,12888,12888,0,0,12888,*,0,0,0,0,*,*,0,876,876,0,12012,
Jul20,Los Angeles,,19,2020-21,2020,Jul 2020,1297,104606,2568,107174,722,106452,107647,2587,105060,110474,5414,105060,23310655,23310655,0,625290,22685365,2258,206,206,0,340,206,206,0,572474,572474,0,22738181,
Jul20,Madera,,20,2020-21,2020,Jul 2020,0,72,0,72,*,*,64,*,*,65,*,*,14294,14294,0,122,14172,0,0,0,0,0,*,*,0,2260,2260,0,12034,
Jul20,Marin,,21,2020-21,2020,Jul 2020,0,716,43,759,14,745,732,0,732,732,0,732,275789,275789,0,0,275789,*,*,*,0,*,13,*,*,12369,11234,1135,263420,
Jul20,Mariposa,,22,2020-21,2020,Jul 2020,0,0,43,43,43,0,43,0,43,43,0,43,13263,13263,0,0,13263,0,0,0,0,0,0,0,0,0,0,0,13263,
Jul20,Mendocino,,23,2020-21,2020,Jul 2020,0,*,*,45,17,28,28,0,28,28,0,28,8562,7724,838,0,8562,*,0,0,0,*,*,0,*,367,0,367,8195,
Jul20,Merced,,24,2020-21,2020,Jul 2020,0,106,15,121,12,109,109,0,109,109,0,109,14002,14002,0,0,14002,*,*,0,0,*,*,*,*,6359,6309,50,7643,
Jul20,Modoc,,25,2020-21,2020,Jul 2020,0,*,*,32,*,*,28,0,28,28,0,28,6848,6848,0,0,6848,*,0,0,0,0,0,0,0,0,0,0,6848,
Jul20,Mono,,26,2020-21,2020,Jul 2020,0,*,0,*,*,0,*,0,*,*,0,*,215,215,0,0,215,0,0,0,0,0,0,0,0,0,0,0,215,
Jul20,Monterey,,27,2020-21,2020,Jul 2020,0,383,59,442,73,369,457,*,*,459,*,*,149892,149892,0,1360,148532,*,*,*,0,*,*,*,0,7921,7360,561,141971,
Jul20,Napa,,28,2020-21,2020,Jul 2020,0,*,0,*,*,*,*,0,*,*,0,*,610,0,610,0,610,0,0,0,0,0,0,0,0,0,0,0,610,
Jul20,Nevada,,29,2020-21,2020,Jul 2020,0,58,14,72,20,52,55,0,55,55,0,55,7289,5939,1350,0,7289,*,*,*,0,0,*,*,0,13476,13298,178,-6187,
Jul20,Orange,,30,2020-21,2020,Jul 2020,0,4641,1288,5929,1637,4292,4318,55,4263,4381,118,4263,1289759,1279134,10625,22975,1266784,11,27,27,0,22,20,*,*,128581,116025,12556,1161178,
Jul20,Placer,,31,2020-21,2020,Jul 2020,0,120,22,142,31,111,121,0,121,121,0,121,22563,22563,0,0,22563,0,*,*,0,*,*,*,0,12665,12665,0,9898,
Jul20,Plumas,,32,2020-21,2020,Jul 2020,0,*,*,14,*,*,15,*,*,16,*,*,2360,1704,656,136,2224,0,0,0,0,0,0,0,0,0,0,0,2360,
Jul20,Riverside,,33,2020-21,2020,Jul 2020,0,2034,345,2379,645,1734,2239,21,2218,2260,42,2218,623634,622997,637,8145,615489,*,*,*,0,*,*,*,0,23223,23168,55,600411,
Jul20,Sacramento,,34,2020-21,2020,Jul 2020,-32,2392,438,2830,485,2345,2930,*,*,2938,16,2922,755917,720917,35000,2865,753052,0,19,19,0,0,30,30,0,117941,117941,0,637976,
Jul20,San Benito,,35,2020-21,2020,Jul 2020,0,87,22,109,37,72,72,0,72,72,0,72,33628,33628,0,0,33628,*,0,0,0,0,*,*,0,5759,5759,0,27869,
Jul20,San Bernardino,,36,2020-21,2020,Jul 2020,0,*,*,146,25,121,94,0,94,94,0,94,28262,28262,0,0,28262,*,*,*,0,*,*,*,*,17747,14374,3373,10515,
Jul20,San Diego,,37,2020-21,2020,Jul 2020,0,4827,1165,5992,916,5076,4989,21,4968,5010,42,4968,2112148,2112148,0,11230,2100918,21,18,18,0,37,18,18,0,45673,45673,0,2066475,
Jul20,San Francisco,,38,2020-21,2020,Jul 2020,-20,4944,336,5280,753,4527,5317,*,*,5318,*,*,2623299,2421505,201794,478,2622821,31,31,31,0,60,31,31,0,203272,203272,0,2420027,
Jul20,San Joaquin,,39,2020-21,2020,Jul 2020,0,324,63,387,121,266,354,*,*,355,*,*,53253,3297,49956,474,52779,*,0,0,*,*,*,*,*,14020,5769,8251,39233,
Jul20,San Luis Obispo,,40,2020-21,2020,Jul 2020,0,331,121,452,145,307,442,*,*,442,*,*,154646,154646,0,1674,152972,72,*,*,0,*,*,*,0,4332,4332,0,150314,
Jul20,San Mateo,,41,2020-21,2020,Jul 2020,0,235,40,275,96,179,288,0,288,288,0,288,150756,147656,3100,0,150756,0,*,*,0,0,*,*,0,7079,7079,0,143677,
Jul20,Santa Barbara,,42,2020-21,2020,Jul 2020,*,199,71,270,90,180,275,*,*,277,*,*,28939,20931,8008,491,28448,15,*,*,0,*,*,*,0,5680,5625,55,23259,
Jul20,Santa Clara,,43,2020-21,2020,Jul 2020,-4,3671,612,4283,639,3644,4275,22,4253,4297,44,4253,714725,615579,99146,48468,666257,*,15,15,0,16,15,15,0,43591,43591,0,671134,
Jul20,Santa Cruz,,44,2020-21,2020,Jul 2020,0,285,99,384,95,289,265,*,*,269,*,*,69307,69307,0,1889,67418,99,*,*,0,*,0,0,0,1543,1438,105,67764,
Jul20,Shasta,,45,2020-21,2020,Jul 2020,0,186,40,226,54,172,277,0,277,277,0,277,120004,120004,0,0,120004,0,*,*,0,*,12,*,*,45896,43343,2553,74108,
Jul20,Sierra,,46,2020-21,2020,Jul 2020,0,*,*,11,*,*,11,*,*,12,*,*,5187,2503,2684,661,4526,*,0,0,0,0,0,0,0,0,0,0,5187,
Jul20,Siskiyou,,47,2020-21,2020,Jul 2020,0,*,*,43,13,30,43,0,43,43,0,43,14218,14218,0,0,14218,0,0,0,0,0,*,*,0,4787,4317,470,9431,
Jul20,Solano,,48,2020-21,2020,Jul 2020,0,294,74,368,114,254,384,0,384,384,0,384,139277,139277,0,0,139277,*,*,*,0,*,*,*,0,13539,13539,0,125738,
Jul20,Sonoma,,49,2020-21,2020,Jul 2020,0,168,32,200,76,124,200,0,200,200,0,200,41043,22963,18080,0,41043,22,0,0,0,*,*,*,0,6164,6164,0,34879,
Jul20,Stanislaus,,50,2020-21,2020,Jul 2020,0,121,39,160,57,103,189,0,189,189,0,189,99474,99474,0,0,99474,*,*,*,0,*,*,*,0,15161,13036,2125,84313,
Jul20,Sutter,,51,2020-21,2020,Jul 2020,0,0,*,*,*,0,*,0,*,*,0,*,2219,2219,0,0,2219,*,0,0,0,0,0,0,0,40,0,40,2179,
Jul20,Tehama,,52,2020-21,2020,Jul 2020,0,*,*,39,*,*,39,0,39,39,0,39,12961,12961,0,0,12961,*,*,*,0,0,*,*,*,11013,10091,922,1948,
Jul20,Trinity,,53,2020-21,2020,Jul 2020,0,*,*,*,*,*,*,0,*,*,0,*,1892,1892,0,0,1892,0,0,0,0,0,0,0,0,0,0,0,1892,
Jul20,Tulare,,54,2020-21,2020,Jul 2020,0,558,38,596,98,498,397,*,*,400,*,*,76776,76776,0,1287,75489,*,*,*,0,*,*,*,0,47375,47375,0,29401,
Jul20,Tuolumne,,55,2020-21,2020,Jul 2020,0,*,0,*,0,*,*,0,*,*,0,*,520,520,0,0,520,0,0,0,0,0,0,0,0,80,0,80,440,
Jul20,Ventura,,56,2020-21,2020,Jul 2020,0,215,15,230,41,189,228,*,*,229,*,*,53454,1378,52076,418,53036,*,*,*,0,*,28,*,*,10835,4470,6365,42619,
Jul20,Yolo,,57,2020-21,2020,Jul 2020,0,82,14,96,16,80,45,0,45,45,0,45,9214,5309,3905,0,9214,0,*,*,0,*,*,*,0,1360,1360,0,7854,
Jul20,Yuba,,58,2020-21,2020,Jul 2020,0,*,*,31,*,*,27,0,27,27,0,27,5699,4855,844,0,5699,*,*,*,*,*,*,*,*,2026,1942,84,3673,
Aug20,Statewide,,00,2020-21,2020,Aug 2020,*,145310,7610,152920,9646,143274,149477,2874,146603,152592,5989,146603,37364849,36225006,1139843,779269,36585580,2413,498,495,*,742,543,477,66,1847091,1798735,48356,35517758,
Aug20,Alameda,,01,2020-21,2020,Aug 2020,*,6811,644,7455,949,6506,7451,96,7355,7547,192,7355,2614618,2612355,2263,51086,2563532,*,37,37,0,68,37,37,0,285919,285919,0,2328699,
Aug20,Alpine,,02,2020-21,2020,Aug 2020,0,0,0,0,0,0,0,0,0,0,0,0,0,0,0,0,0,0,0,0,0,0,0,0,0,0,0,0,0,
Aug20,Amador,,03,2020-21,2020,Aug 2020,0,*,*,*,0,*,*,0,*,*,0,*,1170,1170,0,0,1170,0,0,0,0,0,0,0,0,0,0,0,1170,
Aug20,Butte,,04,2020-21,2020,Aug 2020,0,360,54,414,124,290,414,0,414,414,0,414,214034,214034,0,0,214034,*,*,*,0,0,12,*,*,55728,49598,6130,158306,
Aug20,Calaveras,,05,2020-21,2020,Aug 2020,0,*,0,*,*,*,*,0,*,*,0,*,2980,1014,1966,0,2980,0,0,0,0,0,0,0,0,355,0,355,2625,
Aug20,Colusa,,06,2020-21,2020,Aug 2020,0,*,*,31,*,*,*,0,*,*,0,*,520,520,0,0,520,0,0,0,0,0,0,0,0,0,0,0,520,
Aug20,Contra Costa,,07,2020-21,2020,Aug 2020,*,474,57,531,77,454,533,0,533,533,0,533,125703,117628,8075,0,125703,*,*,*,0,28,*,*,0,8025,8025,0,117678,
Aug20,Del Norte,,08,2020-21,2020,Aug 2020,0,23,0,23,*,*,*,0,*,*,0,*,2823,2823,0,0,2823,0,0,0,0,0,*,*,0,469,469,0,2354,
Aug20,El Dorado,,09,2020-21,2020,Aug 2020,0,15,41,56,28,28,83,0,83,83,0,83,11766,10010,1756,0,11766,0,0,0,0,0,*,*,*,10651,10386,265,1115,
Aug20,Fresno,,10,2020-21,2020,Aug 2020,34,1726,270,1996,564,1432,2029,*,*,2039,20,2019,441196,441196,0,3709,437487,140,23,23,0,52,23,23,0,71933,71933,0,369263,
Aug20,Glenn,,11,2020-21,2020,Aug 2020,0,*,*,33,*,*,31,0,31,31,0,31,9954,7804,2150,0,9954,0,0,0,0,0,0,0,0,0,0,0,9954,
Aug20,Humboldt,,12,2020-21,2020,Aug 2020,0,104,37,141,28,113,141,0,141,141,0,141,51654,50324,1330,0,51654,*,*,*,0,*,*,0,*,39017,23234,15783,12637,
Aug20,Imperial,,13,2020-21,2020,Aug 2020,0,*,*,38,*,*,0,0,0,0,0,0,15047,3523,11524,0,15047,0,0,0,0,0,0,0,0,0,0,0,15047,
Aug20,Inyo,,14,2020-21,2020,Aug 2020,0,*,*,25,*,*,25,0,25,25,0,25,11773,11773,0,0,11773,0,0,0,0,0,0,0,0,0,0,0,11773,
Aug20,Kern,,15,2020-21,2020,Aug 2020,0,1712,145,1857,215,1642,1222,*,*,1231,18,1213,435804,435804,0,4718,431086,33,*,*,0,*,*,*,0,30495,30434,61,405309,
Aug20,Kings,,16,2020-21,2020,Aug 2020,0,*,*,37,*,*,37,0,37,37,0,37,270,0,270,0,270,0,0,0,0,0,0,0,0,25,0,25,245,
Aug20,Lake,,17,2020-21,2020,Aug 2020,0,0,0,0,0,0,0,0,0,0,0,0,0,0,0,0,0,0,0,0,0,0,0,0,0,0,0,0,0,
Aug20,Lassen,,18,2020-21,2020,Aug 2020,0,*,*,49,11,38,38,0,38,38,0,38,11090,11090,0,0,11090,0,0,0,*,0,0,0,0,0,0,0,11090,
Aug20,Los Angeles,,19,2020-21,2020,Aug 2020,1430,107882,2195,110077,663,109414,110411,2635,107776,113292,5516,107776,23754176,23753945,231,631252,23122924,1961,245,244,0,315,245,245,0,667439,667439,0,23086737,
Aug20,Madera,,20,2020-21,2020,Aug 2020,0,64,0,64,15,49,49,*,*,50,*,*,11104,11104,0,122,10982,0,0,0,0,0,*,*,0,10843,10843,0,261,
Aug20,Marin,,21,2020-21,2020,Aug 2020,0,745,39,784,23,761,761,0,761,761,0,761,285093,285093,0,0,285093,*,*,*,0,0,12,*,*,9495,9159,336,275598,
Aug20,Mariposa,,22,2020-21,2020,Aug 2020,0,0,42,42,42,0,42,0,42,42,0,42,12164,12164,0,0,12164,0,0,0,0,0,*,*,0,17183,17183,0,-5019,
Aug20,Mendocino,,23,2020-21,2020,Aug 2020,0,*,*,31,*,*,23,0,23,23,0,23,5457,5163,294,0,5457,0,0,0,0,*,0,0,0,242,0,242,5215,
Aug20,Merced,,24,2020-21,2020,Aug 2020,0,*,*,115,30,85,85,0,85,85,0,85,10901,10901,0,0,10901,*,*,0,0,*,*,*,*,6155,6032,123,4746,
Aug20,Modoc,,25,2020-21,2020,Aug 2020,0,*,*,28,*,*,26,0,26,26,0,26,6325,6325,0,0,6325,*,0,0,0,0,0,0,0,0,0,0,6325,
Aug20,Mono,,26,2020-21,2020,Aug 2020,*,*,0,*,0,*,*,0,*,*,0,*,603,603,0,0,603,0,0,0,0,0,0,0,0,179,0,179,424,
Aug20,Monterey,,27,2020-21,2020,Aug 2020,0,369,46,415,62,353,426,*,*,426,*,*,139549,139549,0,680,138869,*,*,*,0,*,*,*,*,23564,23104,460,115985,
Aug20,Napa,,28,2020-21,2020,Aug 2020,0,*,*,*,*,*,*,0,*,*,0,*,512,0,512,0,512,0,0,0,0,0,0,0,0,0,0,0,512,
Aug20,Nevada,,29,2020-21,2020,Aug 2020,0,*,*,60,15,45,53,0,53,53,0,53,6297,5704,593,0,6297,0,0,0,0,0,*,0,*,515,0,515,5782,
Aug20,Orange,,30,2020-21,2020,Aug 2020,0,4292,858,5150,1458,3692,3544,44,3500,3590,90,3500,1049216,1036891,12325,19095,1030121,11,23,23,0,25,*,*,*,90587,78266,12321,958629,
Aug20,Placer,,31,2020-21,2020,Aug 2020,0,111,34,145,25,120,124,0,124,124,0,124,21614,21614,0,0,21614,0,*,*,0,*,*,*,0,8811,8811,0,12803,
Aug20,Plumas,,32,2020-21,2020,Aug 2020,0,*,*,17,*,*,20,*,*,21,*,*,2721,2163,558,136,2585,0,0,0,0,0,0,0,0,25,0,25,2696,
Aug20,Riverside,,33,2020-21,2020,Aug 2020,0,1734,250,1984,525,1459,1860,14,1846,1874,28,1846,518799,518799,0,5281,513518,0,*,*,0,0,*,*,0,22036,21981,55,496763,
Aug20,Sacramento,,34,2020-21,2020,Aug 2020,-75,2270,904,3174,542,2632,3247,14,3233,3261,28,3233,1578369,893254,685115,4595,1573774,0,30,30,0,0,24,24,0,72609,72609,0,1505760,
Aug20,San Benito,,35,2020-21,2020,Aug 2020,0,72,16,88,20,68,68,0,68,68,0,68,21959,21959,0,0,21959,*,0,0,0,0,*,*,0,18807,18707,100,3152,
Aug20,San Bernardino,,36,2020-21,2020,Aug 2020,0,*,*,131,18,113,96,0,96,96,0,96,25846,25846,0,0,25846,*,*,*,0,*,*,*,0,17145,15366,1779,8701,
Aug20,San Diego,,37,2020-21,2020,Aug 2020,0,5076,513,5589,1965,3624,4584,11,4573,4595,22,4573,1937382,1937382,0,5535,1931847,36,18,18,0,39,18,18,0,73913,73913,0,1863469,
Aug20,San Francisco,,38,2020-21,2020,Aug 2020,0,4527,336,4863,789,4074,4882,*,*,4883,*,*,2460841,2249261,211580,498,2460343,22,22,22,0,49,22,22,0,134539,134539,0,2326302,
Aug20,San Joaquin,,39,2020-21,2020,Aug 2020,0,266,44,310,104,206,287,*,*,289,*,*,43196,1839,41357,615,42581,*,0,0,*,*,*,*,0,3359,913,2446,39837,
Aug20,San Luis Obispo,,40,2020-21,2020,Aug 2020,0,307,84,391,106,285,369,*,*,369,*,*,127492,127492,0,1031,126461,51,*,*,0,14,*,*,0,28560,28560,0,98932,
Aug20,San Mateo,,41,2020-21,2020,Aug 2020,0,179,54,233,56,177,244,0,244,244,0,244,129352,126114,3238,0,129352,0,*,*,0,0,*,*,0,4422,4422,0,124930,
Aug20,Santa Barbara,,42,2020-21,2020,Aug 2020,*,182,64,246,95,151,250,*,*,251,*,*,25902,18178,7724,169,25733,*,*,*,0,*,*,*,0,5177,5147,30,20725,
Aug20,Santa Clara,,43,2020-21,2020,Aug 2020,-3,3641,514,4155,548,3607,4153,21,4132,4174,42,4132,700187,612241,87946,47319,652868,*,18,18,0,18,18,18,0,38707,38707,0,661480,
Aug20,Santa Cruz,,44,2020-21,2020,Aug 2020,0,289,74,363,95,268,246,*,*,249,*,*,61094,61094,0,1480,59614,74,*,*,0,*,0,0,0,8194,8089,105,52900,
Aug20,Shasta,,45,2020-21,2020,Aug 2020,0,172,32,204,50,154,242,0,242,242,0,242,107423,107423,0,0,107423,0,*,*,0,*,*,*,*,24378,21449,2929,83045,
Aug20,Sierra,,46,2020-21,2020,Aug 2020,0,*,0,*,0,*,*,*,*,11,*,*,4269,2136,2133,661,3608,0,0,0,0,0,0,0,0,0,0,0,4269,
Aug20,Siskiyou,,47,2020-21,2020,Aug 2020,0,30,11,41,17,24,41,0,41,41,0,41,12788,12788,0,0,12788,0,0,0,0,0,*,*,0,2469,1962,507,10319,
Aug20,Solano,,48,2020-21,2020,Aug 2020,0,254,50,304,97,207,309,0,309,309,0,309,112571,112571,0,0,112571,*,*,*,0,12,*,*,0,18931,18931,0,93640,
Aug20,Sonoma,,49,2020-21,2020,Aug 2020,0,124,40,164,28,136,164,0,164,164,0,164,26628,18065,8563,0,26628,0,0,0,0,*,*,*,0,8003,8003,0,18625,
Aug20,Stanislaus,,50,2020-21,2020,Aug 2020,0,103,20,123,37,86,142,0,142,142,0,142,68803,68803,0,0,68803,0,*,*,0,*,*,0,*,6215,4440,1775,62588,
Aug20,Sutter,,51,2020-21,2020,Aug 2020,0,0,*,*,*,0,*,0,*,*,0,*,566,566,0,0,566,*,0,0,0,0,0,0,0,40,0,40,526,
Aug20,Tehama,,52,2020-21,2020,Aug 2020,0,*,*,38,*,*,38,0,38,38,0,38,14384,14384,0,0,14384,*,*,*,0,0,*,0,*,1170,0,1170,13214,
Aug20,Trinity,,53,2020-21,2020,Aug 2020,0,*,*,*,*,*,*,0,*,*,0,*,1081,1081,0,0,1081,0,0,0,0,0,0,0,0,0,0,0,1081,
Aug20,Tulare,,54,2020-21,2020,Aug 2020,0,498,36,534,62,472,356,*,*,359,*,*,71154,71154,0,1287,69867,*,0,0,0,55,0,0,0,0,0,0,71154,
Aug20,Tuolumne,,55,2020-21,2020,Aug 2020,0,*,0,*,0,*,*,0,*,*,0,*,520,520,0,0,520,0,0,0,0,0,0,0,0,65,0,65,455,
Aug20,Ventura,,56,2020-21,2020,Aug 2020,0,189,16,205,40,165,215,0,215,215,0,215,44714,1009,43705,0,44714,*,*,*,0,19,25,*,*,19940,19405,535,24774,
Aug20,Yolo,,57,2020-21,2020,Aug 2020,0,80,15,95,13,82,42,0,42,42,0,42,9847,5212,4635,0,9847,0,*,*,0,*,*,*,0,497,497,0,9350,
Aug20,Yuba,,58,2020-21,2020,Aug 2020,0,*,*,30,*,*,22,0,22,22,0,22,3548,3548,0,0,3548,0,*,*,0,0,*,*,0,260,260,0,3288,
Sep20,Statewide,,00,2020-21,2020,Sep 2020,*,144592,6653,151245,22973,128272,147169,2904,144265,150319,6054,144265,35590555,35003350,587205,781830,34808725,1953,559,558,0,1024,1842,530,1312,2057593,2014690,42903,33532962,
Sep20,Alameda,,01,2020-21,2020,Sep 2020,*,6508,578,7086,1306,5780,7090,95,6995,7185,190,6995,2517245,2515280,1965,50998,2466247,*,33,33,0,109,33,33,0,267452,267452,0,2249793,
Sep20,Alpine,,02,2020-21,2020,Sep 2020,0,0,0,0,0,0,0,0,0,0,0,0,0,0,0,0,0,0,0,0,0,0,0,0,0,0,0,0,0,
Sep20,Amador,,03,2020-21,2020,Sep 2020,0,*,*,*,*,*,*,0,*,*,0,*,779,779,0,0,779,0,0,0,0,0,1239,0,1239,1239,0,1239,-460,
Sep20,Butte,,04,2020-21,2020,Sep 2020,0,290,36,326,74,252,326,0,326,326,0,326,168453,168453,0,0,168453,*,*,*,0,0,*,*,*,25215,28807,-3592,143238,
Sep20,Calaveras,,05,2020-21,2020,Sep 2020,0,*,0,*,*,*,*,0,*,*,0,*,1783,637,1146,0,1783,0,0,0,0,0,0,0,0,345,0,345,1438,
Sep20,Colusa,,06,2020-21,2020,Sep 2020,0,*,*,*,*,*,*,0,*,*,0,*,520,520,0,0,520,0,0,0,0,0,0,0,0,0,0,0,520,
Sep20,Contra Costa,,07,2020-21,2020,Sep 2020,0,454,49,503,76,427,508,*,*,509,*,*,120119,112094,8025,291,119828,0,*,*,0,32,*,*,0,13415,13415,0,106704,
Sep20,Del Norte,,08,2020-21,2020,Sep 2020,0,*,0,*,0,*,*,0,*,*,0,*,2941,2941,0,0,2941,0,0,0,0,0,0,0,0,0,0,0,2941,
Sep20,El Dorado,,09,2020-21,2020,Sep 2020,0,28,20,48,34,14,47,0,47,47,0,47,8404,8404,0,0,8404,0,0,0,0,0,*,0,*,165,0,165,8239,
Sep20,Fresno,,10,2020-21,2020,Sep 2020,14,1446,214,1660,329,1331,1695,*,*,1705,20,1685,371685,371685,0,3709,367976,93,28,28,0,79,28,28,0,105477,105477,0,266208,
Sep20,Glenn,,11,2020-21,2020,Sep 2020,0,*,*,38,*,*,34,0,34,34,0,34,10818,9818,1000,0,10818,0,0,0,0,0,0,0,0,0,0,0,10818,
Sep20,Humboldt,,12,2020-21,2020,Sep 2020,0,113,24,137,36,101,137,0,137,137,0,137,35714,35259,455,0,35714,*,*,*,0,*,*,*,*,11842,6630,5212,23872,
Sep20,Imperial,,13,2020-21,2020,Sep 2020,0,*,*,35,*,*,71,0,71,71,0,71,14365,3357,11008,0,14365,0,0,0,0,0,0,0,0,0,0,0,14365,
Sep20,Inyo,,14,2020-21,2020,Sep 2020,0,*,*,22,*,*,22,0,22,22,0,22,10060,10060,0,0,10060,0,0,0,0,0,0,0,0,0,0,0,10060,
Sep20,Kern,,15,2020-21,2020,Sep 2020,0,1642,175,1817,198,1619,1178,*,*,1186,16,1170,417467,417467,0,4057,413410,40,*,*,0,*,*,*,0,19785,19745,40,397682,
Sep20,Kings,,16,2020-21,2020,Sep 2020,0,*,*,36,12,24,36,0,36,36,0,36,2335,0,2335,0,2335,0,0,0,0,0,0,0,0,25,0,25,2310,
Sep20,Lake,,17,2020-21,2020,Sep 2020,0,0,*,*,0,*,*,0,*,*,0,*,80,80,0,0,80,*,0,0,0,0,0,0,0,0,0,0,80,
Sep20,Lassen,,18,2020-21,2020,Sep 2020,0,*,*,45,*,*,39,0,39,39,0,39,11090,11090,0,0,11090,*,0,0,0,0,0,0,0,0,0,0,11090,
Sep20,Los Angeles,,19,2020-21,2020,Sep 2020,1405,110819,1798,112617,15137,97480,112579,2683,109896,115513,5617,109896,24165524,24165524,0,639427,23526097,1599,300,300,0,431,298,298,0,777358,777358,0,23388166,
Sep20,Madera,,20,2020-21,2020,Sep 2020,0,49,0,49,*,*,42,*,*,43,*,*,9584,9584,0,122,9462,0,0,0,0,0,*,*,0,4851,4851,0,4733,
Sep20,Marin,,21,2020-21,2020,Sep 2020,0,761,24,785,14,771,755,0,755,755,0,755,288150,288150,0,0,288150,*,*,*,0,0,13,*,*,14639,14284,355,273511,
Sep20,Mariposa,,22,2020-21,2020,Sep 2020,0,0,38,38,38,0,38,0,38,38,0,38,10863,10863,0,0,10863,0,0,0,0,0,0,0,0,0,0,0,10863,
Sep20,Mendocino,,23,2020-21,2020,Sep 2020,0,*,*,25,*,*,0,0,0,0,0,0,4671,4377,294,0,4671,*,0,0,0,0,0,0,0,727,0,727,3944,
Sep20,Merced,,24,2020-21,2020,Sep 2020,0,*,*,95,18,77,77,0,77,77,0,77,10058,10058,0,0,10058,*,*,0,0,*,*,*,0,11045,11045,0,-987,
Sep20,Modoc,,25,2020-21,2020,Sep 2020,0,*,*,30,*,*,27,0,27,27,0,27,6369,6369,0,0,6369,*,0,0,0,0,0,0,0,0,0,0,6369,
Sep20,Mono,,26,2020-21,2020,Sep 2020,0,*,0,*,0,*,*,0,*,*,0,*,520,520,0,0,520,0,0,0,0,0,0,0,0,76,0,76,444,
Sep20,Monterey,,27,2020-21,2020,Sep 2020,0,353,42,395,79,316,408,*,*,408,*,*,133359,133359,0,680,132679,*,*,*,0,*,*,*,*,17780,17210,570,115579,
Sep20,Napa,,28,2020-21,2020,Sep 2020,0,*,*,*,*,*,*,0,*,*,0,*,901,0,901,0,901,0,0,0,0,0,0,0,0,0,0,0,901,
Sep20,Nevada,,29,2020-21,2020,Sep 2020,0,*,*,55,14,41,41,0,41,41,0,41,5353,4760,593,0,5353,0,0,0,0,0,0,0,0,138,0,138,5215,
Sep20,Orange,,30,2020-21,2020,Sep 2020,0,3692,788,4480,1226,3254,2867,39,2828,2907,79,2828,845069,832484,12585,16072,828997,13,25,25,0,45,16,*,*,106187,98535,7652,738882,
Sep20,Placer,,31,2020-21,2020,Sep 2020,0,120,29,149,39,110,130,0,130,130,0,130,22530,22530,0,0,22530,0,*,*,0,*,*,*,0,1568,1568,0,20962,
Sep20,Plumas,,32,2020-21,2020,Sep 2020,0,*,*,14,*,*,14,0,14,14,0,14,2296,1568,728,0,2296,0,0,0,0,0,0,0,0,25,0,25,2271,
Sep20,Riverside,,33,2020-21,2020,Sep 2020,0,1459,254,1713,435,1278,1538,12,1526,1550,24,1526,417335,417335,0,4368,412967,*,0,0,0,*,0,0,0,55,0,55,417280,
Sep20,Sacramento,,34,2020-21,2020,Sep 2020,-93,2539,540,3079,835,2244,3144,15,3129,3159,30,3129,935283,765283,170000,5249,930034,0,26,26,0,0,25,25,0,114200,114200,0,821083,
Sep20,San Benito,,35,2020-21,2020,Sep 2020,0,*,*,75,27,48,48,0,48,48,0,48,16577,16577,0,0,16577,*,0,0,0,0,*,*,0,893,893,0,15684,
Sep20,San Bernardino,,36,2020-21,2020,Sep 2020,0,*,*,120,25,95,89,*,*,90,*,*,26069,26069,0,95,25974,*,*,*,0,0,*,*,0,25834,11641,14193,235,
Sep20,San Diego,,37,2020-21,2020,Sep 2020,0,3624,404,4028,775,3253,3028,*,*,3035,14,3021,1268985,1268985,0,4168,1264817,24,37,37,0,87,37,37,0,149000,149000,0,1119985,
Sep20,San Francisco,,38,2020-21,2020,Sep 2020,0,4074,371,4445,835,3610,4445,*,*,4446,*,*,2230144,2038675,191469,558,2229586,25,25,25,0,63,25,25,0,145891,145891,0,2084253,
Sep20,San Joaquin,,39,2020-21,2020,Sep 2020,0,206,65,271,61,210,247,*,*,248,*,*,36805,1639,35166,474,36331,0,0,0,0,*,*,0,*,4359,0,4359,32446,
Sep20,San Luis Obispo,,40,2020-21,2020,Sep 2020,0,285,63,348,101,247,324,*,*,324,*,*,112405,112405,0,1628,110777,44,*,*,0,13,*,*,*,23634,22299,1335,88771,
Sep20,San Mateo,,41,2020-21,2020,Sep 2020,0,177,32,209,46,163,220,0,220,220,0,220,118199,115498,2701,0,118199,0,*,*,0,0,*,*,0,15476,15476,0,102723,
Sep20,Santa Barbara,,42,2020-21,2020,Sep 2020,0,151,61,212,67,145,216,*,*,217,*,*,22988,16993,5995,169,22819,*,*,*,0,19,*,*,*,2769,2730,39,20219,
Sep20,Santa Clara,,43,2020-21,2020,Sep 2020,-2,3605,455,4060,700,3360,4058,18,4040,4076,36,4040,679552,597212,82340,47417,632135,*,14,14,0,38,14,14,0,55117,55117,0,624435,
Sep20,Santa Cruz,,44,2020-21,2020,Sep 2020,0,268,58,326,64,262,206,*,*,207,*,*,79632,79632,0,778,78854,58,*,*,0,*,*,*,0,11338,10310,1028,68294,
Sep20,Shasta,,45,2020-21,2020,Sep 2020,0,154,26,180,38,142,235,0,235,235,0,235,105380,105380,0,0,105380,0,*,*,0,*,*,*,*,41038,38636,2402,64342,
Sep20,Sierra,,46,2020-21,2020,Sep 2020,0,*,0,*,*,*,*,*,*,11,*,*,4581,2136,2445,661,3920,0,0,0,0,*,*,*,0,1958,1958,0,2623,
Sep20,Siskiyou,,47,2020-21,2020,Sep 2020,0,24,14,38,14,24,37,0,37,37,0,37,11790,11790,0,0,11790,0,0,0,0,0,*,*,0,8298,8063,235,3492,
Sep20,Solano,,48,2020-21,2020,Sep 2020,0,207,49,256,82,174,258,0,258,258,0,258,94342,94342,0,0,94342,*,*,*,0,13,*,*,0,8483,8483,0,85859,
Sep20,Sonoma,,49,2020-21,2020,Sep 2020,0,136,32,168,38,130,168,*,*,169,*,*,31670,19544,12126,217,31453,0,0,0,0,*,*,*,0,2977,2977,0,28693,
Sep20,Stanislaus,,50,2020-21,2020,Sep 2020,0,86,26,112,35,77,123,*,*,124,*,*,72681,72681,0,263,72418,*,*,*,0,*,*,*,*,9396,5940,3456,63285,
Sep20,Sutter,,51,2020-21,2020,Sep 2020,0,0,*,*,*,0,*,0,*,*,0,*,1929,1929,0,0,1929,*,0,0,0,0,0,0,0,40,0,40,1889,
Sep20,Tehama,,52,2020-21,2020,Sep 2020,0,*,*,31,*,*,31,0,31,31,0,31,11175,11175,0,0,11175,*,*,*,0,0,*,*,*,9591,8119,1472,1584,
Sep20,Trinity,,53,2020-21,2020,Sep 2020,0,*,0,*,*,*,*,0,*,*,0,*,879,879,0,0,879,0,0,0,0,0,0,0,0,0,0,0,879,
Sep20,Tulare,,54,2020-21,2020,Sep 2020,0,472,272,744,73,671,307,*,*,308,*,*,59827,59827,0,429,59398,*,*,*,0,22,*,*,0,34456,34456,0,25371,
Sep20,Tuolumne,,55,2020-21,2020,Sep 2020,0,*,0,*,0,*,*,0,*,*,0,*,520,520,0,0,520,0,0,0,0,0,*,0,*,45,0,45,475,
Sep20,Ventura,,56,2020-21,2020,Sep 2020,0,165,19,184,22,162,187,0,187,187,0,187,42000,993,41007,0,42000,*,*,*,0,17,25,*,*,8579,7312,1267,33421,
Sep20,Yolo,,57,2020-21,2020,Sep 2020,0,*,*,89,13,76,37,0,37,37,0,37,7601,4680,2921,0,7601,0,*,*,0,*,*,*,0,4812,4812,0,2789,
Sep20,Yuba,,58,2020-21,2020,Sep 2020,-8,14,0,14,*,*,13,0,13,13,0,13,3101,3101,0,0,3101,0,0,0,0,*,0,0,0,0,0,0,3101,
Oct20,Statewide,,00,2020-21,2021,Oct 2020,*,128619,11648,140267,17609,122658,136673,2723,133950,139629,5679,133950,32769628,32192786,576842,729824,32039804,2825,492,489,*,1246,535,467,68,1843006,1810399,32607,30926622,
Oct20,Alameda,,01,2020-21,2021,Oct 2020,-5,5775,639,6414,1171,5243,6410,88,6322,6498,176,6322,2262904,2261589,1315,48102,2214802,*,31,31,0,133,31,31,0,226880,226880,0,2036024,
Oct20,Alpine,,02,2020-21,2021,Oct 2020,0,0,0,0,0,0,0,0,0,0,0,0,0,0,0,0,0,0,0,0,0,0,0,0,0,0,0,0,0,
Oct20,Amador,,03,2020-21,2021,Oct 2020,0,*,0,*,0,*,*,0,*,*,0,*,1203,1203,0,0,1203,0,0,0,0,0,0,0,0,0,0,0,1203,
Oct20,Butte,,04,2020-21,2021,Oct 2020,0,252,38,290,78,212,290,0,290,290,0,290,151871,151871,0,0,151871,*,12,12,0,0,*,*,*,76545,78848,-2303,75326,
Oct20,Calaveras,,05,2020-21,2021,Oct 2020,0,*,0,*,0,*,*,0,*,*,0,*,3068,636,2432,0,3068,0,0,0,0,0,*,0,*,849,0,849,2219,
Oct20,Colusa,,06,2020-21,2021,Oct 2020,0,*,*,*,0,*,*,0,*,*,0,*,760,760,0,0,760,0,0,0,0,0,0,0,0,0,0,0,760,
Oct20,Contra Costa,,07,2020-21,2021,Oct 2020,-1,426,59,485,54,431,489,*,*,490,*,*,120616,113635,6981,237,120379,*,*,*,0,42,*,*,0,14309,14309,0,106307,
Oct20,Del Norte,,08,2020-21,2021,Oct 2020,0,*,0,*,*,*,*,0,*,*,0,*,1834,1834,0,0,1834,0,0,0,0,0,0,0,0,0,0,0,1834,
Oct20,El Dorado,,09,2020-21,2021,Oct 2020,0,14,27,41,24,17,58,0,58,58,0,58,10479,8668,1811,0,10479,0,0,0,0,0,*,0,*,24,0,24,10455,
Oct20,Fresno,,10,2020-21,2021,Oct 2020,*,1341,165,1506,476,1030,1535,*,*,1545,20,1525,338895,338895,0,3709,335186,70,31,31,0,92,31,31,0,76386,76386,0,262509,
Oct20,Glenn,,11,2020-21,2021,Oct 2020,0,36,0,36,*,*,29,0,29,29,0,29,8223,8143,80,0,8223,0,0,0,0,0,0,0,0,0,0,0,8223,
Oct20,Humboldt,,12,2020-21,2021,Oct 2020,0,101,27,128,33,95,128,0,128,128,0,128,34032,33837,195,0,34032,*,*,*,0,*,21,*,*,33651,18506,15145,381,
Oct20,Imperial,,13,2020-21,2021,Oct 2020,0,*,*,29,*,*,62,0,62,62,0,62,12247,2867,9380,0,12247,0,0,0,0,0,0,0,0,0,0,0,12247,
Oct20,Inyo,,14,2020-21,2021,Oct 2020,0,*,*,22,*,*,22,0,22,22,0,22,10063,10063,0,0,10063,0,0,0,0,0,0,0,0,0,0,0,10063,
Oct20,Kern,,15,2020-21,2021,Oct 2020,0,1619,139,1758,228,1530,1107,*,*,1115,16,1099,388445,388445,0,4058,384387,40,14,14,0,*,14,14,0,65836,65796,40,322609,
Oct20,Kings,,16,2020-21,2021,Oct 2020,0,*,*,28,*,*,26,0,26,26,0,26,8291,0,8291,0,8291,0,0,0,0,0,0,0,0,25,0,25,8266,
Oct20,Lake,,17,2020-21,2021,Oct 2020,0,*,0,*,0,*,0,0,0,0,0,0,39,39,0,0,39,0,0,0,0,0,0,0,0,0,0,0,39,
Oct20,Lassen,,18,2020-21,2021,Oct 2020,0,*,*,46,12,34,34,0,34,34,0,34,11193,11193,0,0,11193,*,0,0,0,0,*,*,0,7576,7576,0,3617,
Oct20,Los Angeles,,19,2020-21,2021,Oct 2020,421,97901,6713,104614,11165,93449,105018,2524,102494,107778,5284,102494,22334971,22334971,0,598590,21736381,2478,243,243,0,512,242,242,0,621532,621532,0,21713439,
Oct20,Madera,,20,2020-21,2021,Oct 2020,0,42,0,42,*,*,41,*,*,42,*,*,9539,9539,0,122,9417,0,0,0,0,0,*,*,0,12093,12093,0,-2554,
Oct20,Marin,,21,2020-21,2021,Oct 2020,0,771,25,796,*,*,772,0,772,772,0,772,293270,293270,0,0,293270,*,*,*,0,0,14,*,*,13963,13558,405,279307,
Oct20,Mariposa,,22,2020-21,2021,Oct 2020,0,0,35,35,35,0,35,0,35,35,0,35,10999,10999,0,0,10999,0,0,0,0,0,*,*,0,2982,2982,0,8017,
Oct20,Mendocino,,23,2020-21,2021,Oct 2020,0,*,*,23,*,*,20,0,20,20,0,20,5365,3893,1472,0,5365,*,*,*,0,0,*,*,*,5447,4848,599,-82,
Oct20,Merced,,24,2020-21,2021,Oct 2020,0,*,*,85,11,74,74,0,74,74,0,74,9244,9244,0,0,9244,*,*,0,0,*,*,*,0,872,872,0,8372,
Oct20,Modoc,,25,2020-21,2021,Oct 2020,0,*,*,30,*,*,0,0,0,0,0,0,6532,6532,0,0,6532,0,0,0,0,0,0,0,0,0,0,0,6532,
Oct20,Mono,,26,2020-21,2021,Oct 2020,0,*,0,*,*,0,*,0,*,*,0,*,520,520,0,0,520,0,0,0,0,0,0,0,0,*,0,*,*,
Oct20,Monterey,,27,2020-21,2021,Oct 2020,0,316,40,356,74,282,374,0,374,374,0,374,122165,122165,0,0,122165,*,*,*,0,14,*,*,0,29760,29290,470,92405,
Oct20,Napa,,28,2020-21,2021,Oct 2020,0,*,0,*,0,*,*,0,*,*,0,*,1080,0,1080,0,1080,0,0,0,0,0,0,0,0,0,0,0,1080,
Oct20,Nevada,,29,2020-21,2021,Oct 2020,0,41,13,54,13,41,40,0,40,40,0,40,4815,4222,593,0,4815,0,0,0,0,0,0,0,0,162,0,162,4653,
Oct20,Orange,,30,2020-21,2021,Oct 2020,0,3254,726,3980,779,3201,2375,32,2343,2407,64,2343,675064,666369,8695,13001,662063,*,16,16,0,48,*,*,*,74585,66103,8482,600479,
Oct20,Placer,,31,2020-21,2021,Oct 2020,0,110,37,147,19,128,126,0,126,126,0,126,20879,20879,0,0,20879,0,*,*,0,18,*,*,0,4255,4255,0,16624,
Oct20,Plumas,,32,2020-21,2021,Oct 2020,0,*,*,14,*,*,13,0,13,13,0,13,2219,1456,763,0,2219,0,0,0,0,0,0,0,0,0,0,0,2219,
Oct20,Riverside,,33,2020-21,2021,Oct 2020,0,1278,349,1627,314,1313,1489,*,*,1500,21,1479,391013,389674,1339,4090,386923,*,*,*,0,*,*,*,0,4261,4106,155,386752,
Oct20,Sacramento,,34,2020-21,2021,Oct 2020,-79,2165,733,2898,558,2340,2949,15,2934,2964,30,2934,890315,720315,170000,6344,883971,0,19,19,0,0,20,20,0,56779,56779,0,833536,
Oct20,San Benito,,35,2020-21,2021,Oct 2020,0,48,14,62,15,47,47,0,47,47,0,47,14402,14402,0,0,14402,*,0,0,0,0,*,*,0,5824,5824,0,8578,
Oct20,San Bernardino,,36,2020-21,2021,Oct 2020,0,*,*,101,20,81,71,*,*,72,*,*,20973,20973,0,121,20852,*,*,*,0,*,*,*,*,31297,29284,2013,-10324,
Oct20,San Diego,,37,2020-21,2021,Oct 2020,0,3253,405,3658,543,3115,2654,*,*,2659,*,*,1106410,1106410,0,2675,1103735,17,17,17,0,91,17,17,0,76202,76202,0,1030208,
Oct20,San Francisco,,38,2020-21,2021,Oct 2020,0,3610,435,4045,699,3346,4034,*,*,4035,*,*,2015952,1838411,177541,558,2015394,36,36,36,0,81,36,36,0,243451,243451,0,1772501,
Oct20,San Joaquin,,39,2020-21,2021,Oct 2020,0,210,45,255,51,204,237,*,*,238,*,*,35732,1566,34166,474,35258,*,0,0,*,*,*,*,*,4244,2749,1495,31488,
Oct20,San Luis Obispo,,40,2020-21,2021,Oct 2020,0,247,91,338,96,242,317,*,*,317,*,*,106555,106555,0,1287,105268,48,*,*,0,22,*,*,0,7443,7443,0,99112,
Oct20,San Mateo,,41,2020-21,2021,Oct 2020,0,163,46,209,44,165,213,0,213,213,0,213,120450,118480,1970,0,120450,0,*,*,0,0,*,*,0,17157,17157,0,103293,
Oct20,Santa Barbara,,42,2020-21,2021,Oct 2020,0,145,64,209,66,143,217,0,217,217,0,217,22476,16988,5488,0,22476,*,*,*,0,11,*,*,*,4232,4068,164,18244,
Oct20,Santa Clara,,43,2020-21,2021,Oct 2020,*,3361,476,3837,632,3205,3835,16,3819,3851,32,3819,653802,565614,88188,43663,610139,*,14,14,0,74,14,14,0,34297,34297,0,619505,
Oct20,Santa Cruz,,44,2020-21,2021,Oct 2020,0,262,54,316,73,243,194,*,*,195,*,*,81492,81492,0,692,80800,54,*,*,0,*,0,0,0,18824,18535,289,62668,
Oct20,Shasta,,45,2020-21,2021,Oct 2020,0,142,23,165,39,126,218,0,218,218,0,218,100408,100408,0,0,100408,0,*,*,0,12,*,*,0,12952,12009,943,87456,
Oct20,Sierra,,46,2020-21,2021,Oct 2020,0,*,*,*,*,*,*,*,*,11,*,*,4135,2002,2133,661,3474,*,0,0,0,0,0,0,0,0,0,0,4135,
Oct20,Siskiyou,,47,2020-21,2021,Oct 2020,0,24,15,39,*,*,39,0,39,39,0,39,11133,11133,0,0,11133,0,0,0,0,0,0,0,0,220,0,220,10913,
Oct20,Solano,,48,2020-21,2021,Oct 2020,0,174,51,225,72,153,228,0,228,228,0,228,84403,84403,0,0,84403,*,*,*,0,23,*,*,0,19633,19633,0,64770,
Oct20,Sonoma,,49,2020-21,2021,Oct 2020,0,130,35,165,34,131,165,*,*,166,*,*,27570,18763,8807,557,27013,0,0,0,0,*,*,*,0,163,163,0,27407,
Oct20,Stanislaus,,50,2020-21,2021,Oct 2020,0,77,25,102,20,82,122,*,*,123,*,*,101259,101259,0,562,100697,*,*,0,0,*,*,0,*,3973,2670,1303,97286,
Oct20,Sutter,,51,2020-21,2021,Oct 2020,0,0,*,*,*,0,*,0,*,*,0,*,3345,3345,0,0,3345,*,0,0,0,0,0,0,0,295,255,40,3050,
Oct20,Tehama,,52,2020-21,2021,Oct 2020,0,*,*,28,*,*,28,0,28,28,0,28,9297,9297,0,0,9297,*,0,0,0,*,0,0,0,365,0,365,8932,
Oct20,Trinity,,53,2020-21,2021,Oct 2020,0,*,*,*,*,*,*,0,*,*,0,*,889,889,0,0,889,*,0,0,0,0,0,0,0,0,0,0,889,
Oct20,Tulare,,54,2020-21,2021,Oct 2020,0,671,35,706,48,658,270,*,*,272,*,*,54868,54868,0,321,54547,*,*,*,0,16,*,*,0,29802,29802,0,25066,
Oct20,Tuolumne,,55,2020-21,2021,Oct 2020,0,*,0,*,0,*,*,0,*,*,0,*,520,520,0,0,520,0,0,0,0,0,*,0,*,20,0,20,500,
Oct20,Ventura,,56,2020-21,2021,Oct 2020,0,*,*,169,39,130,169,0,169,169,0,169,41732,877,40855,0,41732,0,0,0,0,13,16,0,16,1697,0,1697,40035,
Oct20,Yolo,,57,2020-21,2021,Oct 2020,0,*,*,85,*,*,33,0,33,33,0,33,5206,3749,1457,0,5206,0,0,0,0,*,0,0,0,0,0,0,5206,
Oct20,Yuba,,58,2020-21,2021,Oct 2020,0,*,*,17,*,*,17,0,17,17,0,17,4466,2656,1810,0,4466,*,*,*,0,0,*,*,0,2138,2138,0,2328,
Nov20,Statewide,,00,2020-21,2021,Nov 2020,*,120960,9581,130541,16152,114389,126681,2546,124135,129448,5313,124135,30347548,29838292,509256,678232,29669316,2614,468,466,*,895,2510,2448,62,1714596.5,1679931,34665.5,28632951.5,
Nov20,Alameda,,01,2020-21,2021,Nov 2020,*,5249,581,5830,1134,4696,5844,81,5763,5925,162,5763,2070324,2069006,1318,44011,2026313,*,25,25,0,83,25,25,0,201635,201635,0,1868689,
Nov20,Alpine,,02,2020-21,2021,Nov 2020,0,0,0,0,0,0,0,0,0,0,0,0,0,0,0,0,0,0,0,0,0,0,0,0,0,0,0,0,0,
Nov20,Amador,,03,2020-21,2021,Nov 2020,0,*,0,*,*,*,*,0,*,*,0,*,1076,1076,0,0,1076,0,0,0,0,0,0,0,0,0,0,0,1076,
Nov20,Butte,,04,2020-21,2021,Nov 2020,0,212,41,253,55,198,253,0,253,253,0,253,130717,130717,0,0,130717,*,*,*,0,0,*,*,*,24073,22302,1771,106644,
Nov20,Calaveras,,05,2020-21,2021,Nov 2020,0,*,*,*,0,*,*,0,*,*,0,*,738,738,0,0,738,0,0,0,0,0,0,0,0,330,0,330,408,
Nov20,Colusa,,06,2020-21,2021,Nov 2020,0,*,*,*,*,*,*,0,*,*,0,*,780,780,0,0,780,0,0,0,0,0,0,0,0,0,0,0,780,
Nov20,Contra Costa,,07,2020-21,2021,Nov 2020,0,431,47,478,67,411,478,*,*,479,*,*,115338,107740,7598,237,115101,0,*,*,0,44,*,*,0,14990,14990,0,100348,
Nov20,Del Norte,,08,2020-21,2021,Nov 2020,0,*,0,*,0,*,*,0,*,*,0,*,2248,2248,0,0,2248,0,0,0,0,0,*,0,*,20,0,20,2228,
Nov20,El Dorado,,09,2020-21,2021,Nov 2020,0,17,34,51,17,34,52,0,52,52,0,52,8151,7850,301,0,8151,0,0,0,0,0,*,0,*,252,0,252,7899,
Nov20,Fresno,,10,2020-21,2021,Nov 2020,13,1043,176,1219,318,901,1243,*,*,1252,18,1234,270271,270271,0,3469,266802,87,36,36,0,35,36,36,0,125486,125486,0,144785,
Nov20,Glenn,,11,2020-21,2021,Nov 2020,0,*,*,32,*,*,29,0,29,29,0,29,7968,7968,0,0,7968,0,0,0,0,0,0,0,0,4359,4359,0,3609,
Nov20,Humboldt,,12,2020-21,2021,Nov 2020,0,95,30,125,29,96,125,0,125,125,0,125,36399,35879,520,0,36399,*,*,*,0,*,12,0,12,13948,3915,10033,22451,
Nov20,Imperial,,13,2020-21,2021,Nov 2020,0,*,*,20,*,*,55,0,55,55,0,55,10940,2544,8396,0,10940,0,0,0,0,0,0,0,0,0,0,0,10940,
Nov20,Inyo,,14,2020-21,2021,Nov 2020,0,18,0,18,0,18,18,0,18,18,0,18,8700,8700,0,0,8700,0,0,0,0,0,0,0,0,0,0,0,8700,
Nov20,Kern,,15,2020-21,2021,Nov 2020,0,1530,166,1696,154,1542,1023,*,*,1031,16,1015,357368,357368,0,4509,352859,39,*,*,0,*,*,*,*,49542.5,49365,177.5,307825.5,
Nov20,Kings,,16,2020-21,2021,Nov 2020,0,*,*,31,*,*,31,0,31,31,0,31,735,0,735,0,735,0,0,0,0,0,0,0,0,25,0,25,710,
Nov20,Lake,,17,2020-21,2021,Nov 2020,0,*,0,*,0,*,*,0,*,*,0,*,78,78,0,0,78,0,0,0,0,0,0,0,0,0,0,0,78,
Nov20,Lassen,,18,2020-21,2021,Nov 2020,0,*,*,44,*,*,34,0,34,34,0,34,9938,9938,0,0,9938,*,0,0,0,0,*,*,0,2078,2078,0,7860,
Nov20,Los Angeles,,19,2020-21,2021,Nov 2020,-1647,91802,5116,96918,10240,86678,97155,2358,94797,99739,4942,94797,20674624,20674606,18,554532,20120092,2220,223,222,0,418,222,222,0,615850,615850,0,20058774,
Nov20,Madera,,20,2020-21,2021,Nov 2020,0,41,0,41,*,*,41,*,*,42,*,*,9032,9032,0,122,8910,0,0,0,0,0,0,0,0,0,0,0,9032,
Nov20,Marin,,21,2020-21,2021,Nov 2020,0,786,22,808,*,*,792,0,792,792,0,792,301451,301451,0,0,301451,0,0,0,0,0,11,*,*,8497,8202,295,292954,
Nov20,Mariposa,,22,2020-21,2021,Nov 2020,0,0,26,26,26,0,26,0,26,26,0,26,7722,7722,0,0,7722,0,0,0,0,0,0,0,0,0,0,0,7722,
Nov20,Mendocino,,23,2020-21,2021,Nov 2020,0,*,*,27,*,*,26,0,26,26,0,26,5168,4524,644,0,5168,*,0,0,0,0,0,0,0,343,0,343,4825,
Nov20,Merced,,24,2020-21,2021,Nov 2020,0,74,14,88,11,77,77,0,77,77,0,77,9642,9642,0,0,9642,0,*,0,0,*,*,*,0,605,605,0,9037,
Nov20,Modoc,,25,2020-21,2021,Nov 2020,0,*,*,30,*,*,26,0,26,26,0,26,6610,6610,0,0,6610,*,0,0,0,0,0,0,0,0,0,0,6610,
Nov20,Mono,,26,2020-21,2021,Nov 2020,0,0,0,0,0,0,0,0,0,0,0,0,*,0,0,0,0,0,0,0,0,0,0,0,0,*,0,*,-10,
Nov20,Monterey,,27,2020-21,2021,Nov 2020,0,282,39,321,52,269,335,*,*,335,*,*,110018,110018,0,680,109338,*,*,*,0,*,*,*,0,5360,5120,240,104658,
Nov20,Napa,,28,2020-21,2021,Nov 2020,0,*,*,*,0,*,*,0,*,*,0,*,886,0,886,0,886,0,0,0,0,0,0,0,0,0,0,0,886,
Nov20,Nevada,,29,2020-21,2021,Nov 2020,0,*,*,51,12,39,40,0,40,40,0,40,6005,4691,1314,0,6005,*,*,*,0,0,2016,*,*,2355,2006,349,3650,
Nov20,Orange,,30,2020-21,2021,Nov 2020,0,3201,682,3883,747,3136,2267,31,2236,2298,62,2236,647445,638520,8925,11474,635971,12,21,21,0,51,*,0,*,52949,42778,10171,594496,
Nov20,Placer,,31,2020-21,2021,Nov 2020,0,128,31,159,46,113,140,0,140,140,0,140,23926,23926,0,0,23926,0,*,*,0,*,*,*,0,4240,4240,0,19686,
Nov20,Plumas,,32,2020-21,2021,Nov 2020,0,*,*,15,*,*,17,0,17,17,0,17,2815,1890,925,0,2815,0,0,0,0,0,0,0,0,0,0,0,2815,
Nov20,Riverside,,33,2020-21,2021,Nov 2020,0,1313,307,1620,334,1286,1367,*,*,1375,15,1360,357464,357464,0,2170,355294,0,*,*,0,*,*,*,0,4292,4237,55,353172,
Nov20,Sacramento,,34,2020-21,2021,Nov 2020,-78,2262,581,2843,658,2185,2900,14,2886,2914,28,2886,894827,724827,170000,5308,889519,0,16,16,0,0,24,24,0,76221,76221,0,818606,
Nov20,San Benito,,35,2020-21,2021,Nov 2020,0,47,16,63,*,*,56,*,*,57,*,*,18617,18617,0,669,17948,*,0,0,0,0,0,0,0,0,0,0,18617,
Nov20,San Bernardino,,36,2020-21,2021,Nov 2020,0,*,*,85,11,74,69,*,*,70,*,*,21635,21635,0,190,21445,*,*,*,0,*,0,0,0,7674,6269,1405,13961,
Nov20,San Diego,,37,2020-21,2021,Nov 2020,0,3115,356,3471,494,2977,2458,*,*,2463,*,*,1025323,1025323,0,2763,1022560,18,20,20,0,49,20,20,0,88452,88452,0,936871,
Nov20,San Francisco,,38,2020-21,2021,Nov 2020,0,3346,418,3764,526,3238,3753,*,*,3754,*,*,1867962,1707658,160304,558,1867404,45,45,45,0,63,45,45,0,241937,241937,0,1626025,
Nov20,San Joaquin,,39,2020-21,2021,Nov 2020,0,204,46,250,73,177,224,*,*,225,*,*,28717,1517,27200,474,28243,0,0,0,0,*,0,0,0,2106,0,2106,26611,
Nov20,San Luis Obispo,,40,2020-21,2021,Nov 2020,0,242,61,303,81,222,280,*,*,280,*,*,99097,99097,0,1628,97469,41,*,*,0,16,*,*,0,32764,32764,0,66333,
Nov20,San Mateo,,41,2020-21,2021,Nov 2020,0,165,28,193,41,152,194,0,194,194,0,194,108424,107343,1081,0,108424,*,0,0,0,0,0,0,0,0,0,0,108424,
Nov20,Santa Barbara,,42,2020-21,2021,Nov 2020,*,149,66,215,88,127,217,0,217,217,0,217,22758,17086,5672,0,22758,14,*,*,0,11,*,*,0,1196,1156,40,21562,
Nov20,Santa Clara,,43,2020-21,2021,Nov 2020,*,3207,394,3601,574,3027,3597,13,3584,3610,26,3584,603923,533388,70535,42563,561360,*,22,22,0,23,22,22,0,39302,39302,0,564621,
Nov20,Santa Cruz,,44,2020-21,2021,Nov 2020,0,243,77,320,71,249,199,*,*,200,*,*,81247,81247,0,461,80786,77,*,*,0,0,*,*,0,9470,9385,85,71777,
Nov20,Shasta,,45,2020-21,2021,Nov 2020,0,126,19,145,28,117,204,0,204,204,0,204,88656,88656,0,0,88656,0,*,*,0,14,*,*,*,26839,23893,2946,61817,
Nov20,Sierra,,46,2020-21,2021,Nov 2020,0,*,0,*,*,*,*,*,*,*,*,*,3749,1928,1821,661,3088,0,0,0,*,0,0,0,0,0,0,0,3749,
Nov20,Siskiyou,,47,2020-21,2021,Nov 2020,0,*,*,34,*,*,34,0,34,34,0,34,10390,10390,0,0,10390,0,0,0,0,0,0,0,0,580,361,219,9810,
Nov20,Solano,,48,2020-21,2021,Nov 2020,0,153,51,204,55,149,209,0,209,209,0,209,80979,80979,0,0,80979,*,*,*,0,16,*,*,0,14822,14822,0,66157,
Nov20,Sonoma,,49,2020-21,2021,Nov 2020,0,131,22,153,32,121,153,*,*,154,*,*,23557,21785,1772,217,23340,0,0,0,0,*,*,*,0,4719,4719,0,18838,
Nov20,Stanislaus,,50,2020-21,2021,Nov 2020,0,82,26,108,26,82,127,*,*,129,*,*,65219,65219,0,836,64383,*,0,0,0,*,*,0,*,2419,0,2419,62800,
Nov20,Sutter,,51,2020-21,2021,Nov 2020,0,0,*,*,*,0,*,0,*,*,0,*,3927,3927,0,0,3927,*,0,0,0,0,0,0,0,4420,3556,864,-493,
Nov20,Tehama,,52,2020-21,2021,Nov 2020,0,*,*,29,*,*,29,0,29,29,0,29,10722,10722,0,0,10722,*,*,*,0,*,0,0,0,9794,9519,275,928,
Nov20,Trinity,,53,2020-21,2021,Nov 2020,0,*,*,*,*,*,*,0,*,*,0,*,1222,1222,0,0,1222,0,0,0,0,0,0,0,0,0,0,0,1222,
Nov20,Tulare,,54,2020-21,2021,Nov 2020,0,658,23,681,42,639,244,*,*,247,*,*,46263,46263,0,700,45563,0,*,*,0,15,0,0,0,18237,18237,0,28026,
Nov20,Tuolumne,,55,2020-21,2021,Nov 2020,0,*,0,*,0,*,*,0,*,*,0,*,520,520,0,0,520,0,0,0,0,0,*,0,*,20,0,20,500,
Nov20,Ventura,,56,2020-21,2021,Nov 2020,0,*,*,136,14,122,137,0,137,137,0,137,32757,659,32098,0,32757,*,*,*,0,13,11,*,*,2385,2170,215,30372,
Nov20,Yolo,,57,2020-21,2021,Nov 2020,0,78,14,92,12,80,40,0,40,40,0,40,8663,2958,5705,0,8663,0,0,0,0,*,0,0,0,0,0,0,8663,
Nov20,Yuba,,58,2020-21,2021,Nov 2020,0,16,0,16,*,*,16,0,16,16,0,16,3817,2329,1488,0,3817,0,0,0,0,*,0,0,0,0,0,0,3817,
Dec20,Statewide,,00,2020-21,2021,Dec 2020,*,112872,12566,125438,14745,110693,121357,2465,118892,124052,5160,118892,29932355,29408445,523910,661732,29270623,3463,560,558,*,1228,599,539,60,2076662,2024967,51695,27855693,
Dec20,Alameda,,01,2020-21,2021,Dec 2020,-2,4694,829,5523,769,4754,5530,81,5449,5611,162,5449,2604654,2604224,430,46148,2558506,*,42,42,0,154,42,42,0,257611,257611,0,2347043,
Dec20,Alpine,,02,2020-21,2021,Dec 2020,0,0,0,0,0,0,0,0,0,0,0,0,0,0,0,0,0,0,0,0,0,0,0,0,0,0,0,0,0,
Dec20,Amador,,03,2020-21,2021,Dec 2020,0,*,0,*,*,*,*,0,*,*,0,*,331,331,0,0,331,0,0,0,0,0,0,0,0,0,0,0,331,
Dec20,Butte,,04,2020-21,2021,Dec 2020,0,198,44,242,46,196,242,0,242,242,0,242,128151,128151,0,0,128151,34,13,13,0,0,*,*,*,142175,121150,21025,-14024,
Dec20,Calaveras,,05,2020-21,2021,Dec 2020,0,*,0,*,*,*,*,0,*,*,0,*,638,638,0,0,638,0,0,0,0,0,0,0,0,330,0,330,308,
Dec20,Colusa,,06,2020-21,2021,Dec 2020,0,*,0,*,*,*,*,0,*,*,0,*,334,334,0,0,334,0,0,0,0,0,0,0,0,0,0,0,334,
Dec20,Contra Costa,,07,2020-21,2021,Dec 2020,-1,410,66,476,51,425,480,*,*,481,*,*,125988,117695,8293,237,125751,*,*,*,0,69,*,*,0,12159,12159,0,113829,
Dec20,Del Norte,,08,2020-21,2021,Dec 2020,0,*,0,*,*,*,*,0,*,*,0,*,2455,2455,0,0,2455,0,0,0,0,0,*,*,*,1433,1269,164,1022,
Dec20,El Dorado,,09,2020-21,2021,Dec 2020,0,34,37,71,22,49,64,0,64,64,0,64,14117,13809,308,0,14117,0,0,0,0,0,*,0,*,276,0,276,13841,
Dec20,Fresno,,10,2020-21,2021,Dec 2020,24,925,207,1132,211,921,1143,*,*,1151,16,1135,255622,255622,0,3069,252553,94,35,35,0,135,35,35,0,117492,117492,0,138130,
Dec20,Glenn,,11,2020-21,2021,Dec 2020,*,33,0,33,*,*,29,0,29,29,0,29,7592,7592,0,0,7592,0,0,0,0,0,0,0,0,0,0,0,7592,
Dec20,Humboldt,,12,2020-21,2021,Dec 2020,0,96,30,126,30,96,126,0,126,126,0,126,7126,5696,1430,0,7126,*,*,*,0,*,*,*,*,16996,14883,2113,-9870,
Dec20,Imperial,,13,2020-21,2021,Dec 2020,0,*,*,19,*,*,53,0,53,53,0,53,11357,2551,8806,0,11357,0,0,0,0,0,0,0,0,0,0,0,11357,
Dec20,Inyo,,14,2020-21,2021,Dec 2020,0,*,*,19,0,19,19,0,19,19,0,19,8537,8537,0,0,8537,0,0,0,0,0,0,0,0,0,0,0,8537,
Dec20,Kern,,15,2020-21,2021,Dec 2020,0,1542,178,1720,194,1526,1020,*,*,1026,12,1014,356604,356604,0,3211,353393,44,*,*,0,*,*,*,0,42442,42402,40,314162,
Dec20,Kings,,16,2020-21,2021,Dec 2020,0,*,*,29,*,*,29,0,29,29,0,29,3905,0,3905,0,3905,0,0,0,0,0,0,0,0,25,0,25,3880,
Dec20,Lake,,17,2020-21,2021,Dec 2020,0,*,*,12,*,*,*,0,*,*,0,*,0,0,0,0,0,0,0,0,0,0,0,0,0,0,0,0,0,
Dec20,Lassen,,18,2020-21,2021,Dec 2020,0,*,*,39,*,*,32,0,32,32,0,32,10065,10065,0,0,10065,0,0,0,0,0,0,0,0,0,0,0,10065,
Dec20,Los Angeles,,19,2020-21,2021,Dec 2020,-1459,85219,7259,92478,9469,83009,92542,2282,90260,95058,4798,90260,19826043,19826043,0,539266,19286777,3045,292,292,0,475,292,292,0,752041,752041,0,19074002,
Dec20,Madera,,20,2020-21,2021,Dec 2020,0,*,*,42,0,42,41,*,*,42,*,*,10678,10678,0,122,10556,0,0,0,0,0,*,*,0,18641,18641,0,-7963,
Dec20,Marin,,21,2020-21,2021,Dec 2020,0,800,23,823,*,*,794,0,794,794,0,794,303279,303279,0,0,303279,0,0,0,0,0,12,0,12,370,0,370,302909,
Dec20,Mariposa,,22,2020-21,2021,Dec 2020,0,0,39,39,39,0,39,0,39,39,0,39,12839,12839,0,0,12839,0,0,0,0,0,0,0,0,0,0,0,12839,
Dec20,Mendocino,,23,2020-21,2021,Dec 2020,0,*,*,34,*,*,31,0,31,31,0,31,8181,7537,644,0,8181,0,*,*,0,*,*,0,*,2372,2002,370,5809,
Dec20,Merced,,24,2020-21,2021,Dec 2020,0,77,14,91,*,*,87,0,87,87,0,87,10683,10683,0,0,10683,*,*,0,0,*,*,*,0,9492,9492,0,1191,
Dec20,Modoc,,25,2020-21,2021,Dec 2020,0,*,*,30,*,*,26,0,26,26,0,26,5952,5952,0,0,5952,*,0,0,0,0,0,0,0,0,0,0,5952,
Dec20,Mono,,26,2020-21,2021,Dec 2020,0,0,0,0,0,0,0,0,0,0,0,0,0,0,0,0,0,0,0,0,0,0,0,0,0,0,0,0,0,
Dec20,Monterey,,27,2020-21,2021,Dec 2020,0,269,31,300,31,269,320,*,*,320,*,*,105142,105142,0,680,104462,*,*,*,0,12,*,*,*,17236,16666,570,87906,
Dec20,Napa,,28,2020-21,2021,Dec 2020,0,*,*,*,*,*,*,0,*,*,0,*,731,0,731,0,731,0,0,0,0,0,0,0,0,0,0,0,731,
Dec20,Nevada,,29,2020-21,2021,Dec 2020,0,39,19,58,*,*,43,0,43,43,0,43,5534,4748,786,0,5534,0,0,0,0,0,0,0,0,370,0,370,5164,
Dec20,Orange,,30,2020-21,2021,Dec 2020,0,3136,769,3905,688,3217,2286,35,2251,2322,71,2251,660074,648174,11900,13979,646095,*,24,24,0,45,*,*,*,100967,92335,8632,559107,
Dec20,Placer,,31,2020-21,2021,Dec 2020,0,113,32,145,30,115,124,0,124,124,0,124,23507,23507,0,0,23507,0,*,*,0,14,*,*,0,5574,5574,0,17933,
Dec20,Plumas,,32,2020-21,2021,Dec 2020,0,*,*,15,0,15,15,0,15,15,0,15,2357,1680,677,0,2357,0,0,0,0,0,0,0,0,0,0,0,2357,
Dec20,Riverside,,33,2020-21,2021,Dec 2020,0,1286,339,1625,380,1245,1426,*,*,1437,21,1416,358011,355785,2226,3256,354755,0,*,*,0,*,*,*,0,4082,3927,155,353929,
Dec20,Sacramento,,34,2020-21,2021,Dec 2020,-83,2102,616,2718,698,2020,2770,14,2756,2784,28,2756,862976,692976,170000,5270,857706,0,30,30,0,0,30,30,0,110593,110593,0,752383,
Dec20,San Benito,,35,2020-21,2021,Dec 2020,0,56,21,77,14,63,63,0,63,63,0,63,20922,20922,0,0,20922,*,0,0,0,0,*,*,0,2648,2548,100,18274,
Dec20,San Bernardino,,36,2020-21,2021,Dec 2020,0,*,*,84,13,71,63,*,*,64,*,*,19255,19255,0,177,19078,*,*,*,0,*,*,*,0,19725,18257,1468,-470,
Dec20,San Diego,,37,2020-21,2021,Dec 2020,0,2977,425,3402,462,2940,2388,*,*,2390,*,*,999783,999783,0,730,999053,21,19,19,0,80,19,19,0,96846,96846,0,902937,
Dec20,San Francisco,,38,2020-21,2021,Dec 2020,0,3238,508,3746,458,3288,3743,*,*,3744,*,*,1850486,1700192,150294,558,1849928,28,28,28,0,60,28,28,0,177727,177727,0,1672759,
Dec20,San Joaquin,,39,2020-21,2021,Dec 2020,0,177,49,226,50,176,206,*,*,207,*,*,32822,1674,31148,474,32348,*,0,0,*,*,*,*,0,2406,300,2106,30416,
Dec20,San Luis Obispo,,40,2020-21,2021,Dec 2020,0,222,90,312,67,245,289,*,*,289,*,*,97685,97685,0,1628,96057,57,*,*,0,21,*,*,*,28856,27744,1112,68829,
Dec20,San Mateo,,41,2020-21,2021,Dec 2020,0,152,40,192,49,143,192,0,192,192,0,192,106357,104917,1440,0,106357,0,*,*,0,0,*,*,0,5500,5500,0,100857,
Dec20,Santa Barbara,,42,2020-21,2021,Dec 2020,*,129,89,218,74,144,215,0,215,215,0,215,22749,17127,5622,0,22749,14,*,*,0,21,*,*,0,5232,5172,60,17517,
Dec20,Santa Clara,,43,2020-21,2021,Dec 2020,-1,3026,483,3509,528,2981,3502,12,3490,3514,24,3490,592605,513623,78982,41091,551514,*,14,14,0,32,14,14,0,32774,32774,0,559831,
Dec20,Santa Cruz,,44,2020-21,2021,Dec 2020,0,249,72,321,63,258,199,0,199,199,0,199,83475,83475,0,0,83475,72,*,*,0,0,0,0,0,1200,1075,125,82275,
Dec20,Shasta,,45,2020-21,2021,Dec 2020,0,117,20,137,31,106,194,0,194,194,0,194,87105,87105,0,0,87105,0,*,*,0,11,18,*,*,33556,29594,3962,53549,
Dec20,Sierra,,46,2020-21,2021,Dec 2020,0,*,0,*,0,*,*,*,*,*,*,*,3541,1720,1821,661,2880,0,0,0,0,0,0,0,0,0,0,0,3541,
Dec20,Siskiyou,,47,2020-21,2021,Dec 2020,0,*,*,32,*,*,32,0,32,32,0,32,9519,9519,0,0,9519,0,0,0,0,0,*,*,0,3710,3440,270,5809,
Dec20,Solano,,48,2020-21,2021,Dec 2020,0,149,45,194,51,143,196,0,196,196,0,196,75210,75210,0,0,75210,*,*,*,0,25,*,*,0,12224,12224,0,62986,
Dec20,Sonoma,,49,2020-21,2021,Dec 2020,0,121,25,146,46,100,146,*,*,147,*,*,26675,14650,12025,217,26458,0,0,0,0,11,*,*,0,684,684,0,25991,
Dec20,Stanislaus,,50,2020-21,2021,Dec 2020,0,82,26,108,20,88,118,*,*,119,*,*,69946,69946,0,529,69417,*,*,*,0,12,*,*,*,5439,3086,2353,64507,
Dec20,Sutter,,51,2020-21,2021,Dec 2020,0,0,*,*,*,0,*,0,*,*,0,*,220,220,0,0,220,*,0,0,0,0,0,0,0,40,0,40,180,
Dec20,Tehama,,52,2020-21,2021,Dec 2020,0,*,*,27,*,*,27,0,27,27,0,27,9648,9648,0,0,9648,*,*,*,*,*,*,*,0,3704,3409,295,5944,
Dec20,Trinity,,53,2020-21,2021,Dec 2020,0,*,*,*,0,*,*,0,*,*,0,*,1922,1922,0,0,1922,*,0,0,0,0,0,0,0,0,0,0,1922,
Dec20,Tulare,,54,2020-21,2021,Dec 2020,0,639,30,669,39,630,225,*,*,226,*,*,45969,45969,0,429,45540,0,*,*,0,*,*,*,0,8009,8009,0,37960,
Dec20,Tuolumne,,55,2020-21,2021,Dec 2020,0,*,0,*,0,*,*,0,*,*,0,*,520,520,0,0,520,0,0,0,0,0,*,0,*,4467,0,4467,-3947,
Dec20,Ventura,,56,2020-21,2021,Dec 2020,0,122,12,134,29,105,145,0,145,145,0,145,29331,579,28752,0,29331,0,0,0,0,19,21,0,21,897,0,897,28434,
Dec20,Yolo,,57,2020-21,2021,Dec 2020,0,80,19,99,*,*,47,0,47,47,0,47,9979,7727,2252,0,9979,0,*,*,0,0,*,*,0,10184,10184,0,-205,
Dec20,Yuba,,58,2020-21,2021,Dec 2020,0,14,0,14,*,*,14,0,14,14,0,14,3168,1730,1438,0,3168,0,*,*,0,*,*,*,0,8157,8157,0,-4989,
Jan21,Statewide,,00,2020-21,2021,Jan 2021,*,109572,12488,122060,13037,109023,118123,2397,115726,120732,5006,115726,28650487,28116103,534384,644562,28005925,3433,427,423,*,683,465,400,65,1447482,1406924,40558,27203005,
Jan21,Alameda,,01,2020-21,2021,Jan 2021,-6,4748,597,5345,703,4642,5355,75,5280,5430,150,5280,1886701,1885971,730,39894,1846807,*,21,21,0,*,21,21,0,166136,166136,0,1720565,
Jan21,Alpine,,02,2020-21,2021,Jan 2021,0,0,0,0,0,0,0,0,0,0,0,0,0,0,0,0,0,0,0,0,0,0,0,0,0,0,0,0,0,
Jan21,Amador,,03,2020-21,2021,Jan 2021,0,*,0,*,0,*,*,0,*,*,0,*,331,331,0,0,331,0,0,0,0,0,0,0,0,0,0,0,331,
Jan21,Butte,,04,2020-21,2021,Jan 2021,0,196,46,242,51,191,252,0,252,252,0,252,127089,127089,0,0,127089,15,*,*,0,0,*,*,*,52309,49987,2322,74780,
Jan21,Calaveras,,05,2020-21,2021,Jan 2021,0,*,0,*,0,*,*,0,*,*,0,*,637,637,0,0,637,0,0,0,0,0,*,0,*,443,0,443,194,
Jan21,Colusa,,06,2020-21,2021,Jan 2021,0,*,0,*,0,*,*,0,*,*,0,*,260,260,0,0,260,0,0,0,0,0,0,0,0,0,0,0,260,
Jan21,Contra Costa,,07,2020-21,2021,Jan 2021,0,425,50,475,63,412,476,*,*,477,*,*,115790,107197,8593,237,115553,0,*,*,0,27,*,*,0,14569,14569,0,101221,
Jan21,Del Norte,,08,2020-21,2021,Jan 2021,0,*,0,*,*,*,0,0,0,0,0,0,1278,1278,0,0,1278,0,0,0,0,0,*,*,*,3894,3494,400,-2616,
Jan21,El Dorado,,09,2020-21,2021,Jan 2021,0,49,27,76,27,49,73,0,73,73,0,73,13580,13580,0,0,13580,0,0,0,0,0,*,*,*,6897,6705,192,6683,
Jan21,Fresno,,10,2020-21,2021,Jan 2021,*,926,132,1058,185,873,1080,*,*,1087,14,1073,234493,234493,0,2669,231824,52,15,15,0,48,15,15,0,43785,43785,0,190708,
Jan21,Glenn,,11,2020-21,2021,Jan 2021,0,31,0,31,*,*,26,0,26,26,0,26,7592,7592,0,0,7592,0,0,0,0,0,0,0,0,0,0,0,7592,
Jan21,Humboldt,,12,2020-21,2021,Jan 2021,0,96,29,125,39,86,125,0,125,125,0,125,30550,30550,0,0,30550,*,*,*,0,0,*,0,*,23856,15715,8141,6694,
Jan21,Imperial,,13,2020-21,2021,Jan 2021,0,*,*,14,*,*,55,0,55,55,0,55,11450,2675,8775,0,11450,0,0,0,0,0,0,0,0,0,0,0,11450,
Jan21,Inyo,,14,2020-21,2021,Jan 2021,0,19,0,19,*,*,19,0,19,19,0,19,8396,8396,0,0,8396,0,0,0,0,0,0,0,0,0,0,0,8396,
Jan21,Kern,,15,2020-21,2021,Jan 2021,0,1526,162,1688,180,1508,980,*,*,986,12,974,340723,340723,0,3211,337512,40,*,*,0,*,*,*,0,26423,26313,110,314300,
Jan21,Kings,,16,2020-21,2021,Jan 2021,0,*,*,30,*,*,30,0,30,30,0,30,4699,0,4699,0,4699,0,0,0,0,0,0,0,0,25,0,25,4674,
Jan21,Lake,,17,2020-21,2021,Jan 2021,0,*,*,13,*,*,*,0,*,*,0,*,258,258,0,0,258,0,0,0,0,*,0,0,0,0,0,0,258,
Jan21,Lassen,,18,2020-21,2021,Jan 2021,0,32,13,45,*,*,36,0,36,36,0,36,10538,10538,0,0,10538,0,0,0,0,*,*,*,0,2016,2016,0,8522,
Jan21,Los Angeles,,19,2020-21,2021,Jan 2021,-1008,82001,7624,89625,7935,81690,89848,2221,87627,92285,4658,87627,19363303,19363303,0,527584,18835719,3135,220,216,0,300,221,221,0,512217,512217,0,18851086,
Jan21,Madera,,20,2020-21,2021,Jan 2021,0,*,*,49,12,37,36,*,*,37,*,*,9093,9093,0,122,8971,0,0,0,0,0,0,0,0,0,0,0,9093,
Jan21,Marin,,21,2020-21,2021,Jan 2021,0,814,25,839,12,827,816,0,816,816,0,816,310628,310628,0,0,310628,*,*,*,0,0,*,0,*,270,0,270,310358,
Jan21,Mariposa,,22,2020-21,2021,Jan 2021,0,0,31,31,31,0,31,0,31,31,0,31,8994,8994,0,0,8994,0,0,0,0,0,*,*,0,1561,1561,0,7433,
Jan21,Mendocino,,23,2020-21,2021,Jan 2021,0,*,*,35,*,*,32,0,32,32,0,32,7628,7109,519,0,7628,*,0,0,0,*,0,0,0,267,0,267,7361,
Jan21,Merced,,24,2020-21,2021,Jan 2021,0,87,21,108,13,95,95,0,95,95,0,95,10890,10890,0,0,10890,*,0,0,0,*,0,0,0,0,0,0,10890,
Jan21,Modoc,,25,2020-21,2021,Jan 2021,0,*,*,28,*,*,25,0,25,25,0,25,6822,6822,0,0,6822,*,0,0,0,0,0,0,0,0,0,0,6822,
Jan21,Mono,,26,2020-21,2021,Jan 2021,0,0,0,0,0,0,0,0,0,0,0,0,0,0,0,0,0,0,0,0,0,0,0,0,0,0,0,0,0,
Jan21,Monterey,,27,2020-21,2021,Jan 2021,0,269,17,286,36,250,291,*,*,291,*,*,95535,95535,0,680,94855,*,*,*,0,*,*,*,0,23925,23505,420,71610,
Jan21,Napa,,28,2020-21,2021,Jan 2021,0,*,*,*,0,*,*,0,*,*,0,*,910,0,910,0,910,0,0,0,0,0,*,*,0,0,0,0,910,
Jan21,Nevada,,29,2020-21,2021,Jan 2021,0,49,22,71,14,57,41,0,41,41,0,41,5099,4513,586,0,5099,*,*,*,0,0,*,*,0,3987,3304,683,1112,
Jan21,Orange,,30,2020-21,2021,Jan 2021,0,3217,748,3965,797,3168,2343,37,2306,2381,75,2306,660910,647965,12945,15696,645214,*,26,26,0,57,22,*,*,105826,95833,9993,555084,
Jan21,Placer,,31,2020-21,2021,Jan 2021,0,115,24,139,46,93,118,0,118,118,0,118,22192,22192,0,0,22192,0,*,*,0,*,*,*,0,1484,1484,0,20708,
Jan21,Plumas,,32,2020-21,2021,Jan 2021,0,15,0,15,*,*,15,0,15,15,0,15,2626,1680,946,0,2626,0,0,0,0,0,0,0,0,150,0,150,2476,
Jan21,Riverside,,33,2020-21,2021,Jan 2021,0,1245,309,1554,372,1182,1369,*,*,1380,21,1359,342034,339640,2394,3458,338576,*,*,*,0,0,*,*,0,7889,7834,55,334145,
Jan21,Sacramento,,34,2020-21,2021,Jan 2021,-112,1908,774,2682,567,2115,2727,13,2714,2740,26,2714,841804,671814,169990,4644,837160,0,30,30,0,0,22,22,0,78548,78548,0,763256,
Jan21,San Benito,,35,2020-21,2021,Jan 2021,0,63,20,83,13,70,70,0,70,70,0,70,22766,22766,0,0,22766,*,0,0,0,0,0,0,0,500,0,500,22266,
Jan21,San Bernardino,,36,2020-21,2021,Jan 2021,0,*,*,79,*,*,68,0,68,68,0,68,18785,18785,0,0,18785,*,*,*,0,*,*,0,*,20428,18603,1825,-1643,
Jan21,San Diego,,37,2020-21,2021,Jan 2021,0,2940,371,3311,409,2902,2303,*,*,2306,*,*,951819,951819,0,1545,950274,21,19,19,0,59,19,19,0,100772,100772,0,851047,
Jan21,San Francisco,,38,2020-21,2021,Jan 2021,0,3288,425,3713,458,3255,3679,*,*,3680,*,*,1836525,1679044,157481,558,1835967,*,*,*,0,67,*,*,0,66436,66436,0,1770089,
Jan21,San Joaquin,,39,2020-21,2021,Jan 2021,0,176,43,219,47,172,209,*,*,210,*,*,32338,1491,30847,474,31864,*,0,0,*,*,*,*,0,27847,24963,2884,4491,
Jan21,San Luis Obispo,,40,2020-21,2021,Jan 2021,0,245,72,317,77,240,299,*,*,299,*,*,109710,109710,0,1628,108082,38,*,*,0,*,*,*,0,11984,11984,0,97726,
Jan21,San Mateo,,41,2020-21,2021,Jan 2021,0,143,38,181,30,151,185,0,185,185,0,185,103778,101974,1804,0,103778,*,*,*,0,0,*,*,0,8873,8873,0,94905,
Jan21,Santa Barbara,,42,2020-21,2021,Jan 2021,-4,140,81,221,79,142,224,0,224,224,0,224,22341,16894,5447,0,22341,*,*,*,0,11,*,*,0,3293,3293,0,19048,
Jan21,Santa Clara,,43,2020-21,2021,Jan 2021,*,2982,527,3509,493,3016,3507,12,3495,3519,24,3495,591615,512623,78992,40855,550760,*,15,15,0,31,15,15,0,31469,31469,0,560146,
Jan21,Santa Cruz,,44,2020-21,2021,Jan 2021,0,258,59,317,67,250,194,0,194,194,0,194,81076,81076,0,0,81076,59,*,*,0,0,0,0,0,1181,976,205,79895,
Jan21,Shasta,,45,2020-21,2021,Jan 2021,0,106,30,136,34,102,195,0,195,195,0,195,88777,88777,0,0,88777,0,*,*,0,*,16,*,*,26244,17563,8681,62533,
Jan21,Sierra,,46,2020-21,2021,Jan 2021,0,*,0,*,*,*,*,*,*,*,*,*,3541,1720,1821,661,2880,0,0,0,0,0,0,0,0,0,0,0,3541,
Jan21,Siskiyou,,47,2020-21,2021,Jan 2021,0,*,*,28,*,*,28,0,28,28,0,28,8808,8808,0,0,8808,0,0,0,0,0,*,*,0,4680,4440,240,4128,
Jan21,Solano,,48,2020-21,2021,Jan 2021,0,143,30,173,51,122,178,0,178,178,0,178,67371,67371,0,0,67371,*,*,*,0,14,*,*,0,8991,8991,0,58380,
Jan21,Sonoma,,49,2020-21,2021,Jan 2021,0,100,27,127,26,101,127,*,*,128,*,*,26997,14403,12594,217,26780,0,0,0,0,*,*,*,0,3423,3423,0,23574,
Jan21,Stanislaus,,50,2020-21,2021,Jan 2021,0,88,21,109,25,84,120,0,120,120,0,120,101170,101170,0,0,101170,0,*,*,0,*,0,0,0,10963,9424,1539,90207,
Jan21,Sutter,,51,2020-21,2021,Jan 2021,0,0,*,*,*,0,0,0,0,0,0,0,4310,4310,0,0,4310,*,0,0,0,0,0,0,0,3482,3442,40,828,
Jan21,Tehama,,52,2020-21,2021,Jan 2021,0,*,*,25,*,*,25,0,25,25,0,25,8881,8881,0,0,8881,*,0,0,0,0,*,0,*,674,0,674,8207,
Jan21,Trinity,,53,2020-21,2021,Jan 2021,0,*,0,*,*,*,*,0,*,*,0,*,1954,1954,0,0,1954,0,0,0,0,0,0,0,0,0,0,0,1954,
Jan21,Tulare,,54,2020-21,2021,Jan 2021,0,630,21,651,40,611,205,*,*,206,*,*,41111,41111,0,429,40682,0,*,*,0,*,*,*,0,18782,18782,0,22329,
Jan21,Tuolumne,,55,2020-21,2021,Jan 2021,0,*,*,*,0,*,*,0,*,*,0,*,2925,520,2405,0,2925,0,0,0,0,0,0,0,0,20,0,20,2905,
Jan21,Ventura,,56,2020-21,2021,Jan 2021,0,*,*,113,15,98,114,0,114,114,0,114,28931,752,28179,0,28931,0,0,0,0,*,17,0,17,479,0,479,28452,
Jan21,Yolo,,57,2020-21,2021,Jan 2021,0,*,*,100,19,81,47,0,47,47,0,47,8918,6335,2583,0,8918,0,*,*,0,*,*,*,0,20484,20484,0,-11566,
Jan21,Yuba,,58,2020-21,2021,Jan 2021,*,*,*,15,*,*,14,0,14,14,0,14,3207,2063,1144,0,3207,0,0,0,0,0,0,0,0,0,0,0,3207,
Feb21,Statewide,,00,2020-21,2021,Feb 2021,*,109223,12871,122094,13654,108440,118253,2365,115888,120819,4931,115888,28795103,28304167,490936,631924,28163179,3375,505,491,*,726,536,488,48,1729540,1691018,38522,27065563,
Feb21,Alameda,,01,2020-21,2021,Feb 2021,0,4642,620,5262,654,4608,5282,72,5210,5354,144,5210,1868866,1867997,869,38401,1830465,*,17,17,0,119,17,17,0,147152,147152,0,1721714,
Feb21,Alpine,,02,2020-21,2021,Feb 2021,0,0,0,0,0,0,0,0,0,0,0,0,0,0,0,0,0,0,0,0,0,0,0,0,0,0,0,0,0,
Feb21,Amador,,03,2020-21,2021,Feb 2021,0,*,0,*,0,*,*,0,*,*,0,*,331,331,0,0,331,0,0,0,0,0,0,0,0,0,0,0,331,
Feb21,Butte,,04,2020-21,2021,Feb 2021,0,191,80,271,41,230,261,0,261,261,0,261,137067,137067,0,0,137067,0,*,*,0,0,*,*,0,42139,40549,1590,94928,
Feb21,Calaveras,,05,2020-21,2021,Feb 2021,0,*,0,*,0,*,*,0,*,*,0,*,4280,637,3643,0,4280,0,0,0,0,0,*,*,0,1255,900,355,3025,
Feb21,Colusa,,06,2020-21,2021,Feb 2021,0,*,*,*,0,*,*,0,*,*,0,*,390,390,0,0,390,0,0,0,0,0,0,0,0,0,0,0,390,
Feb21,Contra Costa,,07,2020-21,2021,Feb 2021,-2,410,67,477,77,400,479,*,*,480,*,*,122127,113316,8811,237,121890,0,*,*,0,31,*,*,0,9133,9133,0,112994,
Feb21,Del Norte,,08,2020-21,2021,Feb 2021,0,*,0,*,*,*,*,0,*,*,0,*,867,867,0,0,867,0,0,0,0,0,*,0,*,20,0,20,847,
Feb21,El Dorado,,09,2020-21,2021,Feb 2021,0,49,36,85,42,43,76,0,76,76,0,76,11388,10534,854,0,11388,0,0,0,0,0,*,*,0,210,210,0,11178,
Feb21,Fresno,,10,2020-21,2021,Feb 2021,0,873,133,1006,175,831,1027,*,*,1033,12,1021,223326,223326,0,2269,221057,62,27,27,0,45,27,27,0,100660,100660,0,122666,
Feb21,Glenn,,11,2020-21,2021,Feb 2021,0,29,0,29,*,*,24,0,24,24,0,24,6784,6784,0,0,6784,0,0,0,0,0,0,0,0,0,0,0,6784,
Feb21,Humboldt,,12,2020-21,2021,Feb 2021,0,86,34,120,31,89,120,0,120,120,0,120,30736,30736,0,0,30736,15,*,*,0,*,*,*,*,12970,8734,4236,17766,
Feb21,Imperial,,13,2020-21,2021,Feb 2021,0,*,*,12,*,*,49,0,49,49,0,49,10274,2352,7922,0,10274,0,0,0,0,0,0,0,0,0,0,0,10274,
Feb21,Inyo,,14,2020-21,2021,Feb 2021,0,*,*,17,*,*,17,0,17,17,0,17,7581,7581,0,0,7581,0,0,0,0,0,0,0,0,0,0,0,7581,
Feb21,Kern,,15,2020-21,2021,Feb 2021,0,1508,178,1686,182,1504,949,*,*,954,*,*,324434,324434,0,2550,321884,43,11,11,0,*,11,11,0,58779,58689,90,265655,
Feb21,Kings,,16,2020-21,2021,Feb 2021,0,*,*,30,*,*,30,0,30,30,0,30,3398,0,3398,0,3398,0,0,0,0,0,0,0,0,25,0,25,3373,
Feb21,Lake,,17,2020-21,2021,Feb 2021,0,*,*,22,*,*,*,*,*,*,*,*,285,285,0,0,285,0,0,0,0,0,0,0,0,0,0,0,285,
Feb21,Lassen,,18,2020-21,2021,Feb 2021,0,*,*,38,*,*,30,0,30,30,0,30,8737,8737,0,0,8737,0,0,0,0,*,*,*,0,5824,5824,0,2913,
Feb21,Los Angeles,,19,2020-21,2021,Feb 2021,269,81959,7743,89702,8802,80900,90054,2200,87854,92461,4607,87854,19576056,19576056,0,522749,19053307,3017,283,278,0,257,283,283,0,743727,743727,0,18832329,
Feb21,Madera,,20,2020-21,2021,Feb 2021,0,*,*,42,16,26,34,*,*,35,*,*,8220,8220,0,122,8098,0,0,0,0,0,*,*,0,271,271,0,7949,
Feb21,Marin,,21,2020-21,2021,Feb 2021,0,827,24,851,11,840,825,0,825,825,0,825,314800,314800,0,0,314800,0,0,0,0,0,12,*,*,12292,11997,295,302508,
Feb21,Mariposa,,22,2020-21,2021,Feb 2021,0,0,*,*,*,0,*,0,*,*,0,*,3015,3015,0,0,3015,0,0,0,0,0,0,0,0,0,0,0,3015,
Feb21,Mendocino,,23,2020-21,2021,Feb 2021,0,*,*,39,*,*,34,0,34,34,0,34,8845,7951,894,0,8845,*,*,*,0,*,*,*,0,5536,5149,387,3309,
Feb21,Merced,,24,2020-21,2021,Feb 2021,0,95,11,106,15,91,91,0,91,91,0,91,10766,10766,0,0,10766,*,*,0,0,*,*,*,0,5039,5039,0,5727,
Feb21,Modoc,,25,2020-21,2021,Feb 2021,0,*,*,28,*,*,24,0,24,24,0,24,6290,6290,0,0,6290,*,0,0,0,0,0,0,0,0,0,0,6290,
Feb21,Mono,,26,2020-21,2021,Feb 2021,0,0,0,0,0,0,0,0,0,0,0,0,0,0,0,0,0,0,0,0,0,0,0,0,0,15,0,15,-15,
Feb21,Monterey,,27,2020-21,2021,Feb 2021,0,250,41,291,44,247,310,*,*,310,*,*,97951,97951,0,1330,96621,*,*,*,0,*,*,*,*,38627,38327,300,59324,
Feb21,Napa,,28,2020-21,2021,Feb 2021,0,*,*,*,*,*,11,0,11,11,0,11,293,0,293,0,293,0,0,0,0,0,0,0,0,0,0,0,293,
Feb21,Nevada,,29,2020-21,2021,Feb 2021,0,57,13,70,19,51,57,0,57,57,0,57,11631,10357,1274,0,11631,0,0,0,0,0,*,0,*,412,0,412,11219,
Feb21,Orange,,30,2020-21,2021,Feb 2021,0,3168,857,4025,800,3225,2405,33,2372,2439,67,2372,678331,670386,7945,13222,665109,12,17,17,0,38,16,*,*,85967,77296,8671,592364,
Feb21,Placer,,31,2020-21,2021,Feb 2021,0,93,28,121,33,88,101,0,101,101,0,101,19284,19284,0,0,19284,*,*,*,0,*,*,*,0,8477,8477,0,10807,
Feb21,Plumas,,32,2020-21,2021,Feb 2021,0,*,*,14,*,*,14,0,14,14,0,14,1802,1528,274,0,1802,0,0,0,0,0,0,0,0,55,0,55,1747,
Feb21,Riverside,,33,2020-21,2021,Feb 2021,0,1182,333,1515,290,1225,1310,*,*,1318,15,1303,315352,314297,1055,2347,313005,*,*,*,0,*,*,*,0,7018,6963,55,308334,
Feb21,Sacramento,,34,2020-21,2021,Feb 2021,-70,2045,634,2679,573,2106,2734,*,*,2744,20,2724,847717,677731,169986,4175,843542,0,30,25,0,0,22,22,0,50172,50172,0,797545,
Feb21,San Benito,,35,2020-21,2021,Feb 2021,0,70,41,111,26,85,44,0,44,44,0,44,26301,26301,0,0,26301,11,0,0,0,0,0,0,0,16480,16480,0,9821,
Feb21,San Bernardino,,36,2020-21,2021,Feb 2021,0,*,*,76,*,*,60,0,60,60,0,60,18254,18254,0,0,18254,*,*,*,0,*,*,*,0,6138,4485,1653,12116,
Feb21,San Diego,,37,2020-21,2021,Feb 2021,0,2902,462,3364,383,2981,2354,*,*,2356,*,*,975251,975251,0,833,974418,30,23,23,0,36,23,23,0,85540,85540,0,889711,
Feb21,San Francisco,,38,2020-21,2021,Feb 2021,0,3255,497,3752,403,3349,3760,*,*,3761,*,*,1830663,1671214,159449,558,1830105,17,17,17,0,61,17,17,0,100560,100560,0,1730103,
Feb21,San Joaquin,,39,2020-21,2021,Feb 2021,0,172,29,201,49,152,185,*,*,186,*,*,12041,1431,10610,474,11567,*,0,0,*,*,*,*,0,19474,17491,1983,-7433,
Feb21,San Luis Obispo,,40,2020-21,2021,Feb 2021,0,240,77,317,76,241,300,*,*,300,*,*,108178,108178,0,1906,106272,48,*,*,0,16,*,*,0,17062,17062,0,91116,
Feb21,San Mateo,,41,2020-21,2021,Feb 2021,0,151,30,181,43,138,188,0,188,188,0,188,103235,100706,2529,0,103235,0,0,0,0,0,0,0,0,0,0,0,103235,
Feb21,Santa Barbara,,42,2020-21,2021,Feb 2021,*,145,75,220,81,139,221,0,221,221,0,221,22332,16497,5835,0,22332,13,*,*,0,*,*,*,*,8352,8201,151,13980,
Feb21,Santa Clara,,43,2020-21,2021,Feb 2021,0,3016,501,3517,440,3077,3514,*,*,3523,18,3505,597512,526903,70609,37692,559820,*,*,*,0,36,*,*,0,30793,30793,0,566719,
Feb21,Santa Cruz,,44,2020-21,2021,Feb 2021,0,250,56,306,52,254,197,*,*,200,*,*,86207,86207,0,1583,84624,56,*,*,0,*,0,0,0,9849,9744,105,76358,
Feb21,Shasta,,45,2020-21,2021,Feb 2021,0,102,22,124,31,93,183,0,183,183,0,183,82719,82719,0,0,82719,0,*,*,0,*,*,*,0,27769,17074,10695,54950,
Feb21,Sierra,,46,2020-21,2021,Feb 2021,0,*,*,*,*,*,*,*,*,*,*,*,3621,1698,1923,661,2960,0,0,0,0,*,0,0,0,0,0,0,3621,
Feb21,Siskiyou,,47,2020-21,2021,Feb 2021,0,*,*,25,*,*,25,0,25,25,0,25,8354,8354,0,0,8354,0,0,0,0,0,*,*,0,2611,2561,50,5743,
Feb21,Solano,,48,2020-21,2021,Feb 2021,0,122,46,168,47,121,171,0,171,171,0,171,68056,68056,0,0,68056,0,*,*,0,16,*,*,0,24716,24716,0,43340,
Feb21,Sonoma,,49,2020-21,2021,Feb 2021,0,101,11,112,24,88,112,*,*,113,*,*,17379,12816,4563,217,17162,*,0,0,0,*,0,0,0,0,0,0,17379,
Feb21,Stanislaus,,50,2020-21,2021,Feb 2021,0,84,47,131,39,92,149,*,*,150,*,*,79228,79228,0,0,79228,*,*,*,0,*,0,0,0,12670,11159,1511,66558,
Feb21,Sutter,,51,2020-21,2021,Feb 2021,0,0,*,*,*,0,0,0,0,0,0,0,6201,6201,0,0,6201,*,0,0,0,0,0,0,0,140,0,140,6061,
Feb21,Tehama,,52,2020-21,2021,Feb 2021,0,*,*,22,*,*,22,0,22,22,0,22,7225,7225,0,0,7225,*,*,*,*,*,*,*,0,8233,7570,663,-1008,
Feb21,Trinity,,53,2020-21,2021,Feb 2021,0,*,0,*,0,*,*,0,*,*,0,*,1019,1019,0,0,1019,0,0,0,0,0,*,*,*,704,458,246,315,
Feb21,Tulare,,54,2020-21,2021,Feb 2021,0,611,44,655,41,614,209,*,*,211,*,*,44258,44258,0,598,43660,0,*,*,0,*,*,*,0,16837,16837,0,27421,
Feb21,Tuolumne,,55,2020-21,2021,Feb 2021,0,*,0,*,*,*,*,0,*,*,0,*,520,520,0,0,520,0,0,0,0,0,0,0,0,2426,0,2426,-1906,
Feb21,Ventura,,56,2020-21,2021,Feb 2021,0,*,*,106,15,91,113,0,113,113,0,113,24349,473,23876,0,24349,*,*,*,0,*,22,*,*,3411,1018,2393,20938,
Feb21,Yolo,,57,2020-21,2021,Feb 2021,0,81,14,95,*,*,42,0,42,42,0,42,8037,4657,3380,0,8037,0,0,0,0,0,0,0,0,0,0,0,8037,
Feb21,Yuba,,58,2020-21,2021,Feb 2021,0,*,*,16,*,*,14,0,14,14,0,14,2939,1995,944,0,2939,0,0,0,0,0,0,0,0,0,0,0,2939,
Mar21,Statewide,,00,2020-21,2021,Mar 2021,*,108615,13240,121855,14728,107127,118007,2335,115672,120689,5017,115672,28870743,28345862,524881,627933,28242810,3393,590,585,*,966,804,567,237,2018796,1966037,52759,26851947,
Mar21,Alameda,,01,2020-21,2021,Mar 2021,*,4612,642,5254,502,4752,5260,72,5188,5476,288,5188,1852903,1851684,1219,38216,1814687,*,25,25,0,97,25,25,0,120551,120551,0,1732352,
Mar21,Alpine,,02,2020-21,2021,Mar 2021,0,0,0,0,0,0,0,0,0,0,0,0,0,0,0,0,0,0,0,0,0,0,0,0,0,0,0,0,0,
Mar21,Amador,,03,2020-21,2021,Mar 2021,0,*,0,*,0,*,*,0,*,*,0,*,331,331,0,0,331,0,0,0,0,0,150,0,150,150,0,150,181,
Mar21,Butte,,04,2020-21,2021,Mar 2021,0,230,55,285,60,225,285,0,285,285,0,285,149467,149467,0,0,149467,0,13,13,0,0,14,*,*,59657,54037,5620,89810,
Mar21,Calaveras,,05,2020-21,2021,Mar 2021,0,*,*,*,0,*,*,0,*,*,0,*,1047,747,300,0,1047,*,0,0,0,0,0,0,0,330,0,330,717,
Mar21,Colusa,,06,2020-21,2021,Mar 2021,0,*,0,*,*,0,0,0,0,0,0,0,0,0,0,0,0,0,0,0,0,0,0,0,0,0,0,0,0,
Mar21,Contra Costa,,07,2020-21,2021,Mar 2021,0,400,83,483,63,420,485,*,*,486,*,*,128414,120683,7731,237,128177,*,*,*,0,32,*,*,0,6145,6145,0,122269,
Mar21,Del Norte,,08,2020-21,2021,Mar 2021,0,*,0,*,0,*,*,0,*,*,0,*,855,855,0,0,855,0,0,0,0,0,0,0,0,0,0,0,855,
Mar21,El Dorado,,09,2020-21,2021,Mar 2021,0,43,24,67,20,47,99,0,99,99,0,99,14032,9145,4887,0,14032,0,0,0,0,0,*,0,*,541,0,541,13491,
Mar21,Fresno,,10,2020-21,2021,Mar 2021,*,839,137,976,135,841,994,*,*,1000,12,988,216971,216971,0,2269,214702,57,25,25,0,57,25,25,0,68772,68772,0,148199,
Mar21,Glenn,,11,2020-21,2021,Mar 2021,0,*,*,27,*,*,22,0,22,22,0,22,8190,6040,2150,0,8190,0,0,0,0,0,*,*,0,2970,2970,0,5220,
Mar21,Humboldt,,12,2020-21,2021,Mar 2021,0,89,40,129,30,99,129,0,129,129,0,129,26437,26437,0,0,26437,*,*,*,0,*,*,0,*,13115,5737,7378,13322,
Mar21,Imperial,,13,2020-21,2021,Mar 2021,0,*,*,11,*,*,46,0,46,46,0,46,9532,2064,7468,0,9532,0,0,0,0,0,0,0,0,0,0,0,9532,
Mar21,Inyo,,14,2020-21,2021,Mar 2021,0,*,*,16,*,*,16,0,16,16,0,16,6305,6305,0,0,6305,0,0,0,0,0,0,0,0,0,0,0,6305,
Mar21,Kern,,15,2020-21,2021,Mar 2021,0,1504,213,1717,182,1535,962,*,*,967,*,*,333790,333790,0,2550,331240,55,*,*,0,*,*,*,0,35597,35527,70,298193,
Mar21,Kings,,16,2020-21,2021,Mar 2021,0,*,*,31,*,*,31,0,31,31,0,31,10952,0,10952,0,10952,0,0,0,0,0,0,0,0,25,0,25,10927,
Mar21,Lake,,17,2020-21,2021,Mar 2021,0,*,*,28,*,*,*,0,*,*,0,*,285,285,0,0,285,0,0,0,0,0,0,0,0,0,0,0,285,
Mar21,Lassen,,18,2020-21,2021,Mar 2021,0,30,13,43,*,*,34,0,34,34,0,34,12420,12420,0,0,12420,*,0,0,0,0,0,0,0,0,0,0,12420,
Mar21,Los Angeles,,19,2020-21,2021,Mar 2021,267,81167,7783,88950,9918,79032,89141,2177,86964,91523,4559,86964,19383236,19383236,0,518362,18864874,3010,290,289,0,469,290,290,0,818353,818353,0,18564883,
Mar21,Madera,,20,2020-21,2021,Mar 2021,0,*,*,28,17,11,34,0,34,34,0,34,8594,8594,0,0,8594,0,0,0,0,0,0,0,0,0,0,0,8594,
Mar21,Marin,,21,2020-21,2021,Mar 2021,0,840,28,868,12,856,853,0,853,853,0,853,324952,324952,0,0,324952,0,0,0,0,0,*,0,*,300,0,300,324652,
Mar21,Mariposa,,22,2020-21,2021,Mar 2021,0,0,15,15,15,0,15,0,15,15,0,15,5344,5344,0,0,5344,0,0,0,0,0,0,0,0,0,0,0,5344,
Mar21,Mendocino,,23,2020-21,2021,Mar 2021,0,*,*,38,*,*,33,0,33,33,0,33,7758,7364,394,0,7758,*,*,*,0,*,*,*,*,6571,4313,2258,1187,
Mar21,Merced,,24,2020-21,2021,Mar 2021,0,91,20,111,19,92,92,0,92,92,0,92,10671,10671,0,0,10671,*,*,0,0,*,*,*,0,4359,4359,0,6312,
Mar21,Modoc,,25,2020-21,2021,Mar 2021,0,*,*,29,*,*,27,0,27,27,0,27,6522,6522,0,0,6522,*,0,0,0,0,0,0,0,0,0,0,6522,
Mar21,Mono,,26,2020-21,2021,Mar 2021,0,0,0,0,0,0,0,0,0,0,0,0,*,0,0,0,0,0,0,0,0,0,0,0,0,*,0,*,-10,
Mar21,Monterey,,27,2020-21,2021,Mar 2021,0,247,47,294,48,246,304,*,*,304,*,*,99095,99095,0,1330,97765,*,*,*,0,*,*,*,0,34978,34558,420,64117,
Mar21,Napa,,28,2020-21,2021,Mar 2021,0,*,*,12,*,*,13,0,13,13,0,13,1319,0,1319,0,1319,0,0,0,0,0,0,0,0,0,0,0,1319,
Mar21,Nevada,,29,2020-21,2021,Mar 2021,0,51,15,66,14,52,60,0,60,60,0,60,12961,11855,1106,0,12961,*,*,*,0,0,*,*,0,4272,3938,334,8689,
Mar21,Orange,,30,2020-21,2021,Mar 2021,0,3225,857,4082,777,3305,2458,29,2429,2488,59,2429,702625,699225,3400,13941,688684,13,26,26,0,53,21,*,*,72105,58876,13229,630520,
Mar21,Placer,,31,2020-21,2021,Mar 2021,0,88,28,116,25,91,96,0,96,96,0,96,17638,17638,0,0,17638,0,*,*,0,*,*,*,0,11637,11637,0,6001,
Mar21,Plumas,,32,2020-21,2021,Mar 2021,0,*,*,14,*,*,15,0,15,15,0,15,2192,1709,483,0,2192,0,0,0,0,0,0,0,0,50,0,50,2142,
Mar21,Riverside,,33,2020-21,2021,Mar 2021,0,1225,444,1669,343,1326,1540,*,*,1550,20,1530,352547,351221,1326,2971,349576,0,*,*,0,*,*,*,0,8422,8167,255,344125,
Mar21,Sacramento,,34,2020-21,2021,Mar 2021,-106,2000,705,2705,631,2074,2772,*,*,2778,12,2766,821313,651323,169990,1895,819418,0,27,27,0,0,42,42,0,133522,133522,0,687791,
Mar21,San Benito,,35,2020-21,2021,Mar 2021,0,85,25,110,22,88,88,0,88,88,0,88,29169,29169,0,0,29169,*,0,0,0,0,0,0,0,100,0,100,29069,
Mar21,San Bernardino,,36,2020-21,2021,Mar 2021,0,*,*,73,11,62,57,0,57,57,0,57,14356,14356,0,0,14356,*,*,*,0,*,0,0,0,15848,14035,1813,-1492,
Mar21,San Diego,,37,2020-21,2021,Mar 2021,0,2981,436,3417,450,2967,2404,*,*,2406,*,*,998564,998564,0,833,997731,30,33,33,0,58,33,33,0,153218,153218,0,845346,
Mar21,San Francisco,,38,2020-21,2021,Mar 2021,0,3349,526,3875,441,3434,3886,*,*,3888,*,*,1901102,1742119,158983,1429,1899673,22,22,22,0,51,22,22,0,120614,120614,0,1780488,
Mar21,San Joaquin,,39,2020-21,2021,Mar 2021,0,152,33,185,56,129,172,*,*,173,*,*,28060,1225,26835,474,27586,*,0,0,*,0,*,*,0,3428,291,3137,24632,
Mar21,San Luis Obispo,,40,2020-21,2021,Mar 2021,0,241,79,320,85,235,300,*,*,300,*,*,105330,105330,0,814,104516,48,*,*,0,16,*,*,*,34884,32660,2224,70446,
Mar21,San Mateo,,41,2020-21,2021,Mar 2021,0,138,50,188,35,153,195,0,195,195,0,195,106523,103263,3260,0,106523,*,*,*,0,0,*,*,0,6050,6050,0,100473,
Mar21,Santa Barbara,,42,2020-21,2021,Mar 2021,0,139,86,225,69,156,224,0,224,224,0,224,23511,17387,6124,0,23511,11,*,*,0,*,*,*,*,5037,4646,391,18474,
Mar21,Santa Clara,,43,2020-21,2021,Mar 2021,*,3079,521,3600,442,3158,3592,13,3579,3605,26,3579,618949,539185,79764,40057,578892,*,37,37,0,35,37,37,0,93270,93270,0,525679,
Mar21,Santa Cruz,,44,2020-21,2021,Mar 2021,0,254,78,332,52,280,216,*,*,221,*,*,105309,105309,0,1697,103612,78,*,*,0,*,*,*,0,25096,24891,205,80213,
Mar21,Shasta,,45,2020-21,2021,Mar 2021,0,93,28,121,32,89,176,0,176,176,0,176,75064,75064,0,0,75064,0,14,14,0,12,21,*,*,77434,71455,5979,-2370,
Mar21,Sierra,,46,2020-21,2021,Mar 2021,0,*,*,*,*,*,*,0,*,*,0,*,2227,1140,1087,0,2227,0,0,0,0,0,0,0,0,0,0,0,2227,
Mar21,Siskiyou,,47,2020-21,2021,Mar 2021,0,*,*,22,*,*,22,0,22,22,0,22,6519,6519,0,0,6519,0,0,0,0,0,0,0,0,390,0,390,6129,
Mar21,Solano,,48,2020-21,2021,Mar 2021,0,121,44,165,32,133,170,0,170,170,0,170,71879,71879,0,0,71879,*,*,*,0,15,*,*,0,38379,38379,0,33500,
Mar21,Sonoma,,49,2020-21,2021,Mar 2021,0,88,17,105,21,84,105,*,*,106,*,*,18210,12503,5707,0,18210,*,0,0,0,*,*,*,0,4229,4229,0,13981,
Mar21,Stanislaus,,50,2020-21,2021,Mar 2021,0,92,33,125,13,112,151,0,151,151,0,151,141801,141801,0,0,141801,*,*,*,0,*,*,*,*,7884,6002,1882,133917,
Mar21,Sutter,,51,2020-21,2021,Mar 2021,0,0,*,*,*,0,0,0,0,0,0,0,1793,1793,0,0,1793,*,0,0,0,0,0,0,0,40,0,40,1753,
Mar21,Tehama,,52,2020-21,2021,Mar 2021,0,*,*,26,*,*,26,0,26,26,0,26,10348,10348,0,0,10348,*,*,*,0,0,*,0,*,5536,4711,825,4812,
Mar21,Trinity,,53,2020-21,2021,Mar 2021,0,*,*,*,*,*,*,0,*,*,0,*,1399,1399,0,0,1399,0,0,0,0,0,0,0,0,0,0,0,1399,
Mar21,Tulare,,54,2020-21,2021,Mar 2021,0,614,38,652,39,613,210,*,*,212,*,*,42098,42098,0,858,41240,0,*,*,0,*,*,*,0,8336,8336,0,33762,
Mar21,Tuolumne,,55,2020-21,2021,Mar 2021,0,*,0,*,0,*,*,0,*,*,0,*,520,520,0,0,520,0,0,0,0,0,0,0,0,20,0,20,500,
Mar21,Ventura,,56,2020-21,2021,Mar 2021,0,91,12,103,14,89,107,0,107,107,0,107,26004,528,25476,0,26004,*,*,*,0,14,25,*,*,15993,11210,4783,10011,
Mar21,Yolo,,57,2020-21,2021,Mar 2021,0,90,11,101,17,84,45,0,45,45,0,45,10309,6333,3976,0,10309,0,*,*,0,0,*,*,0,188,188,0,10121,
Mar21,Yuba,,58,2020-21,2021,Mar 2021,0,*,*,15,*,*,15,0,15,15,0,15,3001,2057,944,0,3001,*,*,*,0,*,*,*,0,390,390,0,2611,
Apr21,Statewide,,00,2020-21,2021,Apr 2021,*,107752,11370,119122,14575,104547,115187,2284,112903,117667,4764,112903,28055745.4,27561828.4,493917,609583.62,27446161.78,2916,456,456,*,720,665,447,218,1564511,1514675,49836,26491234.4,
Apr21,Alameda,,01,2020-21,2021,Apr 2021,*,4753,497,5250,420,4830,5253,72,5181,5325,144,5181,1839087,1837714,1373,37780,1801307,*,28,28,0,98,28,28,0,211497,211497,0,1627590,
Apr21,Alpine,,02,2020-21,2021,Apr 2021,0,0,0,0,0,0,0,0,0,0,0,0,0,0,0,0,0,0,0,0,0,0,0,0,0,0,0,0,0,
Apr21,Amador,,03,2020-21,2021,Apr 2021,0,*,0,*,0,*,*,0,*,*,0,*,331,331,0,0,331,0,0,0,0,0,150,0,150,150,0,150,181,
Apr21,Butte,,04,2020-21,2021,Apr 2021,0,225,25,250,75,175,250,0,250,250,0,250,129475,129475,0,0,129475,0,*,*,0,0,*,*,*,32807,30259,2548,96668,
Apr21,Calaveras,,05,2020-21,2021,Apr 2021,0,*,0,*,*,*,*,0,*,*,0,*,1659,338,1321,0,1659,0,0,0,0,0,*,0,*,1346,0,1346,313,
Apr21,Colusa,,06,2020-21,2021,Apr 2021,0,0,*,*,0,*,*,0,*,*,0,*,130,130,0,0,130,0,0,0,0,0,0,0,0,0,0,0,130,
Apr21,Contra Costa,,07,2020-21,2021,Apr 2021,0,420,59,479,80,399,481,*,*,482,*,*,120430,112177,8253,237,120193,*,*,*,0,38,*,*,0,17083,17083,0,103347,
Apr21,Del Norte,,08,2020-21,2021,Apr 2021,0,*,0,*,*,*,*,0,*,*,0,*,386,386,0,0,386,0,0,0,0,0,0,0,0,0,0,0,386,
Apr21,El Dorado,,09,2020-21,2021,Apr 2021,,,,,,,,,,,,,,,,,,,,,,,,,,,,,,
Apr21,Fresno,,10,2020-21,2021,Apr 2021,*,848,126,974,127,847,984,*,*,990,12,978,209990,209990,0,2078,207912,49,22,22,0,48,22,22,0,31578,31578,0,178412,
Apr21,Glenn,,11,2020-21,2021,Apr 2021,0,*,*,30,*,*,28,0,28,28,0,28,11420,8195,3225,0,11420,0,0,0,0,0,*,*,0,2376,2376,0,9044,
Apr21,Humboldt,,12,2020-21,2021,Apr 2021,0,99,30,129,32,97,129,0,129,129,0,129,29490,29490,0,0,29490,*,*,*,0,*,11,0,11,15637,3636,12001,13853,
Apr21,Imperial,,13,2020-21,2021,Apr 2021,0,*,*,*,*,-3,39,0,39,39,0,39,8363,3523,4840,0,8363,0,0,0,0,0,0,0,0,0,0,0,8363,
Apr21,Inyo,,14,2020-21,2021,Apr 2021,0,12,0,12,*,*,12,0,12,12,0,12,4768,4768,0,0,4768,0,0,0,0,0,0,0,0,0,0,0,4768,
Apr21,Kern,,15,2020-21,2021,Apr 2021,0,1535,189,1724,161,1563,951,*,*,957,12,945,324905,324905,0,3211,321694,51,*,*,0,*,*,*,*,11227,11192,35,313678,
Apr21,Kings,,16,2020-21,2021,Apr 2021,0,*,*,25,11,14,25,0,25,25,0,25,3336,0,3336,0,3336,0,0,0,0,0,0,0,0,25,0,25,3311,
Apr21,Lake,,17,2020-21,2021,Apr 2021,0,*,*,26,*,*,*,0,*,*,0,*,285,285,0,0,285,0,0,0,0,0,0,0,0,0,0,0,285,
Apr21,Lassen,,18,2020-21,2021,Apr 2021,0,*,*,41,*,*,32,0,32,32,0,32,9380,9380,0,0,9380,0,0,0,0,0,0,0,0,0,0,0,9380,
Apr21,Los Angeles,,19,2020-21,2021,Apr 2021,756,79788,6902,86690,10067,76623,86825,2127,84698,89153,4455,84698,18835287,18835287,0,504401,18330886,2608,252,252,0,228,252,252,0,613056,613056,0,18222231,
Apr21,Madera,,20,2020-21,2021,Apr 2021,0,*,*,13,*,*,37,*,*,38,*,*,10086,10086,0,122,9964,0,0,0,0,0,0,0,0,0,0,0,10086,
Apr21,Marin,,21,2020-21,2021,Apr 2021,0,856,23,879,0,879,861,0,861,861,0,861,327166,327166,0,0,327166,0,0,0,0,0,11,0,11,320,0,320,326846,
Apr21,Mariposa,,22,2020-21,2021,Apr 2021,0,0,20,20,20,0,20,0,20,20,0,20,6788,6788,0,0,6788,0,0,0,0,0,0,0,0,0,0,0,6788,
Apr21,Mendocino,,23,2020-21,2021,Apr 2021,0,*,*,41,*,*,33,0,33,33,0,33,8264,7870,394,0,8264,*,*,*,0,*,*,*,*,815,536,279,7449,
Apr21,Merced,,24,2020-21,2021,Apr 2021,0,92,17,109,18,91,91,0,91,91,0,91,10122,10122,0,0,10122,*,0,0,0,*,*,0,*,68,0,68,10054,
Apr21,Modoc,,25,2020-21,2021,Apr 2021,0,*,*,29,*,*,22,0,22,22,0,22,5143,5143,0,0,5143,*,0,0,0,0,0,0,0,0,0,0,5143,
Apr21,Mono,,26,2020-21,2021,Apr 2021,0,0,0,0,0,0,0,0,0,0,0,0,*,0,0,0,0,0,0,0,0,0,0,0,0,*,0,*,-5,
Apr21,Monterey,,27,2020-21,2021,Apr 2021,0,246,42,288,48,240,311,*,*,311,*,*,99881,99881,0,1330,98551,*,*,*,0,*,*,*,0,41813,41186,627,58068,
Apr21,Napa,,28,2020-21,2021,Apr 2021,0,*,*,12,*,*,13,0,13,13,0,13,1539,0,1539,0,1539,0,0,0,0,0,0,0,0,0,0,0,1539,
Apr21,Nevada,,29,2020-21,2021,Apr 2021,0,52,15,67,13,54,54,*,*,55,*,*,12842,11288,1554,219,12623,*,*,*,0,0,*,*,*,2305,1793,512,10537,
Apr21,Orange,,30,2020-21,2021,Apr 2021,0,3305,615,3920,821,3099,2291,20,2271,2311,40,2271,651081,645556,5525,6994,644087,*,15,15,0,40,13,*,*,58127,49088,9039,592954,
Apr21,Placer,,31,2020-21,2021,Apr 2021,0,91,13,104,18,86,83,0,83,83,0,83,15616,15616,0,0,15616,0,0,0,0,*,0,0,0,0,0,0,15616,
Apr21,Plumas,,32,2020-21,2021,Apr 2021,0,13,0,13,*,*,15,0,15,15,0,15,2828,1792,1036,0,2828,0,0,0,0,0,0,0,0,176,0,176,2652,
Apr21,Riverside,,33,2020-21,2021,Apr 2021,0,1326,306,1632,345,1287,1415,12,1403,1427,24,1403,329733,328736,997,3490,326243,*,*,*,0,*,*,*,0,14140,14085,55,315593,
Apr21,Sacramento,,34,2020-21,2021,Apr 2021,-91,1983,668,2651,513,2138,2707,*,*,2713,12,2701,813747,643747,170000,1920,811827,0,20,20,0,0,19,19,0,74443,74443,0,739304,
Apr21,San Benito,,35,2020-21,2021,Apr 2021,0,88,15,103,37,66,70,0,70,70,0,70,21179,21179,0,0,21179,*,0,0,0,0,0,0,0,700,0,700,20479,
Apr21,San Bernardino,,36,2020-21,2021,Apr 2021,0,*,*,71,*,*,70,0,70,70,0,70,19694,19694,0,0,19694,*,*,*,0,0,*,*,*,23551,20504,3047,-3857,
Apr21,San Diego,,37,2020-21,2021,Apr 2021,0,2967,412,3379,409,2970,2367,*,*,2373,12,2361,957516,957516,0,2423,955093,25,22,22,0,61,22,22,0,96473,96473,0,861043,
Apr21,San Francisco,,38,2020-21,2021,Apr 2021,0,3434,464,3898,432,3466,3978,*,*,3980,*,*,1825853,1675420,150433,1522,1824331,25,25,25,0,68,25,25,0,199573,199573,0,1626280,
Apr21,San Joaquin,,39,2020-21,2021,Apr 2021,0,129,33,162,27,135,157,*,*,158,*,*,26878,1350,25528,474,26404,*,0,0,*,0,0,0,0,2354,0,2354,24524,
Apr21,San Luis Obispo,,40,2020-21,2021,Apr 2021,0,235,61,296,66,230,275,*,*,275,*,*,96971,96971,0,504,96467,38,*,*,0,19,*,*,*,1822,710,1112,95149,
Apr21,San Mateo,,41,2020-21,2021,Apr 2021,0,153,27,180,23,157,187,0,187,187,0,187,101452,98002,3450,0,101452,0,*,*,0,0,*,*,0,7425,7425,0,94027,
Apr21,Santa Barbara,,42,2020-21,2021,Apr 2021,-2,154,67,221,83,138,223,0,223,223,0,223,23370,17509,5861,0,23370,*,*,*,0,*,*,*,0,5302,5272,30,18068,
Apr21,Santa Clara,,43,2020-21,2021,Apr 2021,*,3159,490,3649,393,3256,3645,13,3632,3658,26,3632,608018,533503,74515,40438,567580,*,13,13,0,30,13,13,0,25794,25794,0,582224,
Apr21,Santa Cruz,,44,2020-21,2021,Apr 2021,0,280,53,333,55,278,263,*,*,266,*,*,196034.4,196034.4,0,1582.62,194451.78,53,*,*,0,*,*,*,0,6464,6059,405,189570.4,
Apr21,Shasta,,45,2020-21,2021,Apr 2021,0,89,22,111,30,81,185,0,185,185,0,185,83938,83938,0,0,83938,0,*,*,0,*,*,*,0,18095,14023,4072,65843,
Apr21,Sierra,,46,2020-21,2021,Apr 2021,0,*,*,*,0,*,*,0,*,*,0,*,2305,1172,1133,0,2305,*,0,0,0,0,0,0,0,0,0,0,2305,
Apr21,Siskiyou,,47,2020-21,2021,Apr 2021,0,*,*,17,*,*,17,0,17,17,0,17,4881,4881,0,0,4881,0,0,0,0,0,*,0,*,3890,0,3890,991,
Apr21,Solano,,48,2020-21,2021,Apr 2021,0,133,30,163,34,129,166,0,166,166,0,166,64244,64244,0,0,64244,*,*,*,0,11,*,*,0,2343,2343,0,61901,
Apr21,Sonoma,,49,2020-21,2021,Apr 2021,0,*,*,93,15,78,93,0,93,93,0,93,12972,10976,1996,0,12972,0,0,0,0,*,*,*,0,13230,13230,0,-258,
Apr21,Stanislaus,,50,2020-21,2021,Apr 2021,0,112,22,134,37,97,135,0,135,135,0,135,96518,96518,0,0,96518,0,0,0,0,*,*,0,*,5139,0,5139,91379,
Apr21,Sutter,,51,2020-21,2021,Apr 2021,0,0,*,*,*,0,0,0,0,0,0,0,1990,1990,0,0,1990,*,0,0,0,0,0,0,0,40,0,40,1950,
Apr21,Tehama,,52,2020-21,2021,Apr 2021,0,*,*,29,*,*,29,0,29,29,0,29,12674,12674,0,0,12674,*,*,*,*,*,*,*,*,9969,8669,1300,2705,
Apr21,Trinity,,53,2020-21,2021,Apr 2021,0,*,*,*,*,*,*,0,*,*,0,*,969,969,0,0,969,*,0,0,0,0,0,0,0,0,0,0,969,
Apr21,Tulare,,54,2020-21,2021,Apr 2021,0,613,26,639,33,606,190,*,*,192,*,*,38823,38823,0,858,37965,0,*,*,0,11,*,*,0,8115,8115,0,30708,
Apr21,Tuolumne,,55,2020-21,2021,Apr 2021,0,*,*,*,0,*,*,0,*,*,0,*,1040,1040,0,0,1040,*,0,0,0,0,0,0,0,20,0,20,1020,
Apr21,Ventura,,56,2020-21,2021,Apr 2021,0,*,*,97,15,82,97,0,97,97,0,97,25101,500,24601,0,25101,*,*,*,0,12,20,*,*,3641,3100,541,21460,
Apr21,Yolo,,57,2020-21,2021,Apr 2021,0,*,*,91,18,73,39,0,39,39,0,39,6806,4443,2363,0,6806,0,0,0,0,*,0,0,0,0,0,0,6806,
Apr21,Yuba,,58,2020-21,2021,Apr 2021,0,*,*,14,*,*,14,0,14,14,0,14,2961,2317,644,0,2961,0,*,*,0,*,*,*,0,1577,1577,0,1384,
May21,Statewide,,00,2020-21,2021,May 2021,*,105117,12407,117524,13421,104103,113609,2242,111367,116038,4671,111367,27725307.38,27238490.24,486817.14,596616,27128691.38,2882,422,422,*,643,7052,5319,1733,1611199.49,1552278,58921.49,26114107.89,
May21,Alameda,,01,2020-21,2021,May 2021,*,4836,402,5238,438,4800,5243,73,5170,5316,146,5170,1844135,1843223,912,39612,1804523,*,33,33,0,103,33,33,0,211772,211772,0,1632363,
May21,Alpine,,02,2020-21,2021,May 2021,0,0,0,0,0,0,0,0,0,0,0,0,0,0,0,0,0,0,0,0,0,0,0,0,0,0,0,0,0,
May21,Amador,,03,2020-21,2021,May 2021,0,*,0,*,0,*,*,0,*,*,0,*,331,331,0,0,331,0,0,0,0,0,1651,0,1651,0,0,0,331,
May21,Butte,,04,2020-21,2021,May 2021,0,175,47,222,53,169,222,0,222,222,0,222,115268,115268,0,0,115268,0,*,*,0,0,*,*,*,52530,49158,3372,62738,
May21,Calaveras,,05,2020-21,2021,May 2021,0,*,0,*,0,*,*,0,*,*,0,*,2677,336,2341,0,2677,0,0,0,0,0,0,0,0,740,0,740,1937,
May21,Colusa,,06,2020-21,2021,May 2021,0,*,0,*,*,0,*,0,*,*,0,*,260,260,0,0,260,0,0,0,0,0,0,0,0,0,0,0,260,
May21,Contra Costa,,07,2020-21,2021,May 2021,0,399,59,458,79,379,458,*,*,459,*,*,116395,108023,8372,237,116158,0,*,*,0,34,*,*,*,7646,7646,0,108749,
May21,Del Norte,,08,2020-21,2021,May 2021,0,*,*,*,0,*,*,0,*,*,0,*,473,473,0,0,473,0,0,0,0,0,0,0,0,0,0,0,473,
May21,El Dorado,,09,2020-21,2021,May 2021,0,41,32,73,31,42,118,0,118,118,0,118,14955.38,11395.24,3560.14,0,14955.38,0,0,0,0,0,*,0,*,1075.49,0,1075.49,13879.89,
May21,Fresno,,10,2020-21,2021,May 2021,*,852,114,966,124,842,976,*,*,983,14,969,205489,205489,0,2478,203011,53,19,19,0,48,19,19,0,88107,88107,0,117382,
May21,Glenn,,11,2020-21,2021,May 2021,0,*,*,31,*,*,28,0,28,28,0,28,9769,8694,1075,0,9769,0,0,0,0,0,*,*,0,0,0,0,9769,
May21,Humboldt,,12,2020-21,2021,May 2021,0,97,22,119,41,78,119,0,119,119,0,119,25209,25209,0,0,25209,0,*,*,0,*,*,*,*,33817,18098,15719,-8608,
May21,Imperial,,13,2020-21,2021,May 2021,BLANK,*,*,-2,0,-2,40,0,40,40,0,40,8425,1803,6622,0,8425,0,0,0,0,0,0,0,0,0,0,0,8425,
May21,Inyo,,14,2020-21,2021,May 2021,0,*,0,*,*,*,*,0,*,*,0,*,2549,2549,0,0,2549,0,0,0,0,0,0,0,0,0,0,0,2549,
May21,Kern,,15,2020-21,2021,May 2021,0,1563,166,1729,195,1534,939,*,*,945,12,933,314713,314713,0,3211,311502,39,24,24,0,*,24,24,0,80404,80384,20,234309,
May21,Kings,,16,2020-21,2021,May 2021,0,*,*,17,*,*,17,0,17,17,0,17,2077,0,2077,0,2077,0,0,0,0,0,0,0,0,25,0,25,2052,
May21,Lake,,17,2020-21,2021,May 2021,0,*,*,20,*,*,*,0,*,*,0,*,285,285,0,0,285,0,0,0,0,0,0,0,0,0,0,0,285,
May21,Lassen,,18,2020-21,2021,May 2021,0,*,*,37,*,*,31,0,31,31,0,31,7751,7751,0,0,7751,*,0,0,0,0,4923,4923,0,4923,4923,0,2828,
May21,Los Angeles,,19,2020-21,2021,May 2021,621,77244,8152,85396,8566,76830,85536,2088,83448,87821,4373,83448,18538242,18538242,0,488616,18049626,2607,195,195,0,194,195,195,0,565336,565336,0,17972906,
May21,Madera,,20,2020-21,2021,May 2021,0,*,*,*,0,*,39,*,*,40,*,*,10079,10079,0,122,9957,0,0,0,0,0,0,0,0,0,0,0,10079,
May21,Marin,,21,2020-21,2021,May 2021,0,*,*,881,*,*,848,0,848,848,0,848,322771,322771,0,0,322771,0,0,0,0,0,*,0,*,225,0,225,322546,
May21,Mariposa,,22,2020-21,2021,May 2021,0,0,23,23,23,0,23,0,23,23,0,23,8263,8263,0,0,8263,0,0,0,0,0,*,*,0,11201,11201,0,-2938,
May21,Mendocino,,23,2020-21,2021,May 2021,0,*,*,39,*,*,30,0,30,30,0,30,6622,6228,394,0,6622,*,*,*,0,*,*,*,0,5417,5190,227,1205,
May21,Merced,,24,2020-21,2021,May 2021,0,91,11,102,24,78,78,0,78,78,0,78,9187,9187,0,0,9187,*,0,0,0,*,*,*,0,1050,1050,0,8137,
May21,Modoc,,25,2020-21,2021,May 2021,0,*,*,26,*,*,22,0,22,22,0,22,5217,5217,0,0,5217,*,0,0,0,0,0,0,0,0,0,0,5217,
May21,Mono,,26,2020-21,2021,May 2021,0,0,0,0,0,0,0,0,0,0,0,0,0,0,0,0,0,0,0,0,0,0,0,0,0,0,0,0,0,
May21,Monterey,,27,2020-21,2021,May 2021,0,240,28,268,34,234,275,*,*,275,*,*,91260,91260,0,1360,89900,*,*,*,0,*,16,*,*,13004,12564,440,78256,
May21,Napa,,28,2020-21,2021,May 2021,0,*,*,14,*,*,15,0,15,15,0,15,1605,0,1605,0,1605,0,0,0,0,0,0,0,0,0,0,0,1605,
May21,Nevada,,29,2020-21,2021,May 2021,0,54,11,65,16,49,46,*,*,49,*,*,20756,19762,994,456,20300,0,0,0,0,0,0,0,0,166,0,166,20590,
May21,Orange,,30,2020-21,2021,May 2021,0,3099,672,3771,733,3038,2137,14,2123,2151,28,2123,598592,596467,2125,5198,593394,*,12,12,0,31,13,*,*,59314,48548,10766,539278,
May21,Placer,,31,2020-21,2021,May 2021,0,86,20,106,22,84,87,0,87,87,0,87,14793,14793,0,0,14793,0,*,*,0,*,*,*,0,1832,1832,0,12961,
May21,Plumas,,32,2020-21,2021,May 2021,0,11,0,11,*,*,13,0,13,13,0,13,2442,1456,986,0,2442,0,0,0,0,0,0,0,0,0,0,0,2442,
May21,Riverside,,33,2020-21,2021,May 2021,0,1287,268,1555,352,1203,1331,*,*,1341,19,1322,302771,301394,1377,2979,299792,*,0,0,0,0,0,0,0,155,0,155,302616,
May21,Sacramento,,34,2020-21,2021,May 2021,-107,2031,636,2667,672,1995,2706,*,*,2711,*,*,814150,644171,169979,1351,812799,0,20,20,0,0,11,11,0,34231,34231,0,779919,
May21,San Benito,,35,2020-21,2021,May 2021,0,66,20,86,22,64,64,*,*,65,*,*,20340,20340,0,682,19658,*,0,0,0,0,*,0,*,12378,12130,248,7962,
May21,San Bernardino,,36,2020-21,2021,May 2021,0,*,*,71,11,60,58,0,58,58,0,58,18169,18169,0,0,18169,*,*,*,0,0,*,*,*,24908,21835,3073,-6739,
May21,San Diego,,37,2020-21,2021,May 2021,0,2970,377,3347,427,2920,2336,*,*,2342,12,2330,943067,943067,0,3162,939905,25,24,24,0,42,24,24,0,84717,84717,0,858350,
May21,San Francisco,,38,2020-21,2021,May 2021,0,3466,458,3924,476,3448,3882,*,*,3884,*,*,1876896,1724209,152687,1522,1875374,23,23,23,0,71,23,23,0,129559,129559,0,1747337,
May21,San Joaquin,,39,2020-21,2021,May 2021,0,135,45,180,43,137,165,*,*,166,*,*,23899,1448,22451,474,23425,*,0,0,*,*,*,*,*,13148,4020,9128,10751,
May21,San Luis Obispo,,40,2020-21,2021,May 2021,0,230,61,291,75,216,285,*,*,285,*,*,96785,96785,0,585,96200,38,*,*,0,13,*,*,0,26142,26142,0,70643,
May21,San Mateo,,41,2020-21,2021,May 2021,0,157,15,172,37,135,179,0,179,179,0,179,95162,92902,2260,0,95162,0,*,*,0,0,*,*,0,15652,15652,0,79510,
May21,Santa Barbara,,42,2020-21,2021,May 2021,*,140,72,212,70,142,215,0,215,215,0,215,21152,16736,4416,0,21152,*,*,*,0,11,*,*,0,2345,2275,70,18807,
May21,Santa Clara,,43,2020-21,2021,May 2021,*,3258,443,3701,498,3203,3698,12,3686,3710,24,3686,611639,542541,69098,41458,570181,0,15,15,0,23,15,15,0,37387,37387,0,574252,
May21,Santa Cruz,,44,2020-21,2021,May 2021,0,278,49,327,76,251,430,*,*,430,*,*,305657,305657,0,2255,303402,49,0,0,0,0,0,0,0,360,0,360,305297,
May21,Shasta,,45,2020-21,2021,May 2021,0,81,11,92,30,62,150,0,150,150,0,150,71738,71738,0,0,71738,0,12,12,0,*,*,*,*,37828,33761,4067,33910,
May21,Sierra,,46,2020-21,2021,May 2021,0,*,*,*,0,*,*,0,*,*,0,*,2798,1369,1429,0,2798,*,0,0,0,0,0,0,0,0,0,0,2798,
May21,Siskiyou,,47,2020-21,2021,May 2021,0,*,*,15,*,*,15,0,15,15,0,15,4805,4805,0,0,4805,0,0,0,0,0,0,0,0,245,0,245,4560,
May21,Solano,,48,2020-21,2021,May 2021,0,129,33,162,36,126,163,0,163,163,0,163,64871,64871,0,0,64871,0,*,*,0,*,*,*,0,7995,7995,0,56876,
May21,Sonoma,,49,2020-21,2021,May 2021,0,78,13,91,27,64,91,0,91,91,0,91,17847,12678,5169,0,17847,0,0,0,0,*,*,*,0,1364,1364,0,16483,
May21,Stanislaus,,50,2020-21,2021,May 2021,0,97,29,126,47,79,119,*,*,119,*,*,46010,46010,0,0,46010,0,0,0,0,*,*,*,*,6060,4218,1842,39950,
May21,Sutter,,51,2020-21,2021,May 2021,0,0,*,*,*,0,0,0,0,0,0,0,3414,3414,0,0,3414,*,0,0,0,0,0,0,0,0,0,0,3414,
May21,Tehama,,52,2020-21,2021,May 2021,0,*,*,23,*,*,23,0,23,23,0,23,8238,8238,0,0,8238,*,0,0,0,*,0,0,0,300,0,300,7938,
May21,Trinity,,53,2020-21,2021,May 2021,0,*,*,*,*,*,*,0,*,*,0,*,1458,1458,0,0,1458,0,*,*,0,0,*,*,*,2746,2036,710,-1288,
May21,Tulare,,54,2020-21,2021,May 2021,0,606,26,632,36,596,185,*,*,187,*,*,38408,38408,0,858,37550,0,*,*,0,12,*,*,0,24662,24662,0,13746,
May21,Tuolumne,,55,2020-21,2021,May 2021,0,*,0,*,*,*,*,0,*,*,0,*,520,520,0,0,520,0,0,0,0,0,0,0,0,20,0,20,500,
May21,Ventura,,56,2020-21,2021,May 2021,0,*,*,89,12,77,89,0,89,89,0,89,22560,481,22079,0,22560,0,0,0,0,17,23,0,23,5928,0,5928,16632,
May21,Yolo,,57,2020-21,2021,May 2021,0,73,13,86,*,*,34,0,34,34,0,34,8374,4741,3633,0,8374,0,0,0,0,*,0,0,0,0,0,0,8374,
May21,Yuba,,58,2020-21,2021,May 2021,0,*,*,19,*,*,19,0,19,19,0,19,3989,2813,1176,0,3989,*,*,*,0,0,*,*,0,4485,4485,0,-496,
Jun21,Statewide,,00,2020-21,2021,Jun 2021,*,104763,12298,117061,12545,104516,113058,2208,110850,115455,4605,110850,27460690,27152329.01,308360.99,594512,26866178,3274,520,514,*,709,590,503,87,1890467.3,1842412,48055.3,25570222.7,
Jun21,Alameda,,01,2020-21,2021,Jun 2021,-6,4794,456,5250,533,4717,5264,76,5188,5340,152,5188,1863561,1862313,1248,39727,1823834,*,26,26,0,82,26,26,0,150156,150156,0,1713405,
Jun21,Alpine,,02,2020-21,2021,Jun 2021,0,0,0,0,0,0,0,0,0,0,0,0,0,0,0,0,0,0,0,0,0,0,0,0,0,0,0,0,0,
Jun21,Amador,,03,2020-21,2021,Jun 2021,0,*,0,*,0,*,*,0,*,*,0,*,331,331,0,0,331,0,0,0,0,0,*,0,*,*,0,328,*,
Jun21,Butte,,04,2020-21,2021,Jun 2021,0,169,34,203,43,160,203,0,203,203,0,203,107981,107981,0,0,107981,0,*,*,0,0,*,*,*,30093,27930,2163,77888,
Jun21,Calaveras,,05,2020-21,2021,Jun 2021,0,*,*,*,*,*,*,0,*,*,0,*,745,745,0,0,745,*,0,0,0,0,0,0,0,455,0,455,290,
Jun21,Colusa,,06,2020-21,2021,Jun 2021,0,0,0,0,0,0,0,0,0,0,0,0,0,0,0,0,0,0,0,0,0,0,0,0,0,0,0,0,0,
Jun21,Contra Costa,,07,2020-21,2021,Jun 2021,0,379,51,430,58,372,432,*,*,433,*,*,110437,102074,8363,237,110200,*,*,*,0,32,*,*,0,29897,29897,0,80540,
Jun21,Del Norte,,08,2020-21,2021,Jun 2021,0,*,0,*,*,*,*,0,*,*,0,*,426,426,0,0,426,0,0,0,0,0,0,0,0,2604,2604,0,-2178,
Jun21,El Dorado,,09,2020-21,2021,Jun 2021,0,42,30,72,29,43,117,0,117,117,0,117,15797,13648.01,2148.99,0,15797,0,0,0,0,0,19,0,19,3753.3,0,3753.3,12043.7,
Jun21,Fresno,,10,2020-21,2021,Jun 2021,*,845,106,951,153,798,962,*,*,969,14,955,204194,204194,0,2459,201735,46,19,19,0,37,19,19,0,56274,56274,0,147920,
Jun21,Glenn,,11,2020-21,2021,Jun 2021,0,*,*,32,*,*,28,0,28,28,0,28,8403,8286,117,0,8403,0,0,0,0,0,0,0,0,0,0,0,8403,
Jun21,Humboldt,,12,2020-21,2021,Jun 2021,0,78,26,104,24,80,104,0,104,104,0,104,21910,21910,0,0,21910,13,*,*,0,*,*,*,*,42114,28446,13668,-20204,
Jun21,Imperial,,13,2020-21,2021,Jun 2021,0,*,*,-1,*,*,37,0,37,37,0,37,8057,1651,6406,0,8057,0,0,0,0,0,0,0,0,0,0,0,8057,
Jun21,Inyo,,14,2020-21,2021,Jun 2021,0,*,*,*,0,*,*,0,*,*,0,*,3317,3317,0,0,3317,0,0,0,0,0,0,0,0,0,0,0,3317,
Jun21,Kern,,15,2020-21,2021,Jun 2021,0,1534,180,1714,159,1555,911,*,*,916,*,*,312911,312911,0,2564,310347,35,*,*,0,*,*,*,*,12395,12355,40,300516,
Jun21,Kings,,16,2020-21,2021,Jun 2021,0,*,*,18,0,18,18,0,18,18,0,18,1949,1949,0,0,1949,0,0,0,0,0,0,0,0,25,0,25,1924,
Jun21,Lake,,17,2020-21,2021,Jun 2021,0,*,*,19,*,*,*,0,*,*,0,*,285,285,0,0,285,0,0,0,0,0,0,0,0,0,0,0,285,
Jun21,Lassen,,18,2020-21,2021,Jun 2021,0,*,*,41,*,*,32,0,32,32,0,32,9519,9519,0,0,9519,*,0,0,0,0,0,0,0,0,0,0,9519,
Jun21,Los Angeles,,19,2020-21,2021,Jun 2021,841,77671,7375,85046,7911,77135,84996,2056,82940,87256,4316,82940,18435770,18435770,0,485510,17950260,2920,271,271,0,285,271,271,0,701028,701028,0,17734742,
Jun21,Madera,,20,2020-21,2021,Jun 2021,0,*,*,13,0,13,39,*,*,40,*,*,11592,11592,0,122,11470,0,0,0,0,0,0,0,0,0,0,0,11592,
Jun21,Marin,,21,2020-21,2021,Jun 2021,0,873,23,896,27,869,856,0,856,856,0,856,323648,323648,0,0,323648,*,*,*,0,0,12,*,*,6919,6579,340,316729,
Jun21,Mariposa,,22,2020-21,2021,Jun 2021,0,0,17,17,17,0,17,0,17,17,0,17,5188,5188,0,0,5188,0,0,0,0,0,*,*,0,11230,11230,0,-6042,
Jun21,Mendocino,,23,2020-21,2021,Jun 2021,0,*,*,35,*,*,30,0,30,30,0,30,5866,5866,0,0,5866,*,*,*,0,*,*,*,0,4316,4009,307,1550,
Jun21,Merced,,24,2020-21,2021,Jun 2021,0,*,*,80,20,60,60,0,60,60,0,60,7489,7489,0,0,7489,*,*,0,0,*,*,*,0,12567,12567,0,-5078,
Jun21,Modoc,,25,2020-21,2021,Jun 2021,0,*,*,29,*,*,24,0,24,24,0,24,5485,5485,0,0,5485,*,0,0,0,0,0,0,0,0,0,0,5485,
Jun21,Mono,,26,2020-21,2021,Jun 2021,0,0,0,0,0,0,0,0,0,0,0,0,*,0,0,0,0,0,0,0,0,0,0,0,0,*,0,*,-5,
Jun21,Monterey,,27,2020-21,2021,Jun 2021,0,234,32,266,39,227,271,*,*,271,*,*,92647,87257,5390,1360,91287,*,*,*,0,*,*,*,0,51071,50671,400,41576,
Jun21,Napa,,28,2020-21,2021,Jun 2021,,,,,,,,,,,,,,,,,,,,,,,,,,,,,,
Jun21,Nevada,,29,2020-21,2021,Jun 2021,0,49,28,77,*,*,44,*,*,46,*,*,12775,11785,990,472,12303,0,0,0,0,0,0,0,0,333,0,333,12442,
Jun21,Orange,,30,2020-21,2021,Jun 2021,0,3038,746,3784,676,3108,2151,15,2136,2166,30,2136,600356,595150,5206,6223,594133,*,16,16,0,46,12,*,*,61423,52046,9377,538933,
Jun21,Placer,,31,2020-21,2021,Jun 2021,0,84,14,98,22,76,81,0,81,81,0,81,13653,13653,0,0,13653,0,*,*,0,*,*,*,0,6020,6020,0,7633,
Jun21,Plumas,,32,2020-21,2021,Jun 2021,0,*,*,*,*,*,11,0,11,11,0,11,1585,1160,425,0,1585,0,0,0,0,0,0,0,0,7429,7379,50,-5844,
Jun21,Riverside,,33,2020-21,2021,Jun 2021,0,1203,303,1506,369,1137,1246,*,*,1252,11,1241,271164,264789,6375,1901,269263,*,*,*,0,0,*,*,0,12117,12062,55,259047,
Jun21,Sacramento,,34,2020-21,2021,Jun 2021,-170,1825,817,2642,486,2156,2696,*,*,2700,*,*,648628,648628,0,1181,647447,0,19,19,0,0,27,27,0,108136,108136,0,540492,
Jun21,San Benito,,35,2020-21,2021,Jun 2021,0,64,22,86,22,64,64,0,64,64,0,64,16311,16311,0,0,16311,*,0,0,0,0,*,0,*,11402,10920,482,4909,
Jun21,San Bernardino,,36,2020-21,2021,Jun 2021,0,*,*,70,*,*,64,0,64,64,0,64,23161,23161,0,0,23161,*,*,*,0,0,*,0,*,4554,2293,2261,18607,
Jun21,San Diego,,37,2020-21,2021,Jun 2021,0,2920,493,3413,397,3016,2396,*,*,2402,12,2390,959923,959923,0,3255,956668,24,27,27,0,48,27,27,0,100885,100885,0,859038,
Jun21,San Francisco,,38,2020-21,2021,Jun 2021,0,3448,480,3928,593,3335,3894,*,*,3895,*,*,1906486,1765971,140515,558,1905928,29,29,29,0,60,29,29,0,201177,201177,0,1705309,
Jun21,San Joaquin,,39,2020-21,2021,Jun 2021,0,137,30,167,37,130,153,*,*,154,*,*,27456,1262,26194,474,26982,*,0,0,*,*,*,*,0,2587,682,1905,24869,
Jun21,San Luis Obispo,,40,2020-21,2021,Jun 2021,0,216,83,299,73,226,294,*,*,294,*,*,101176,101176,0,1403,99773,52,*,*,0,16,*,*,0,11708,11708,0,89468,
Jun21,San Mateo,,41,2020-21,2021,Jun 2021,0,135,23,158,25,133,164,0,164,164,0,164,94721,92471,2250,0,94721,0,*,*,0,0,*,*,0,28612,28612,0,66109,
Jun21,Santa Barbara,,42,2020-21,2021,Jun 2021,*,143,71,214,69,145,211,0,211,211,0,211,20425,16254,4171,0,20425,*,*,*,0,*,*,*,*,18293,18054,239,2132,
Jun21,Santa Clara,,43,2020-21,2021,Jun 2021,*,3204,548,3752,477,3275,3751,*,*,3761,20,3741,611946,541590,70356,42909,569037,*,21,21,0,32,21,21,0,73873,73873,0,538073,
Jun21,Santa Cruz,,44,2020-21,2021,Jun 2021,0,251,75,326,51,275,558,*,*,558,*,*,219314,219314,0,3299,216015,75,*,*,0,*,*,*,0,1376,1091,285,217938,
Jun21,Shasta,,45,2020-21,2021,Jun 2021,0,62,11,73,30,43,129,0,129,129,0,129,57412,57412,0,0,57412,0,*,*,0,*,13,*,*,63285,55752,7533,-5873,
Jun21,Sierra,,46,2020-21,2021,Jun 2021,0,*,*,*,0,*,*,0,*,*,0,*,3298,1569,1729,0,3298,0,0,0,0,0,0,0,0,0,0,0,3298,
Jun21,Siskiyou,,47,2020-21,2021,Jun 2021,0,*,*,13,*,*,13,0,13,13,0,13,4606,4606,0,0,4606,0,0,0,0,0,*,*,0,3510,3270,240,1096,
Jun21,Solano,,48,2020-21,2021,Jun 2021,0,126,32,158,41,117,160,0,160,160,0,160,63235,63235,0,0,63235,*,*,*,0,*,*,*,0,19242,19242,0,43993,
Jun21,Sonoma,,49,2020-21,2021,Jun 2021,0,64,20,84,20,64,84,0,84,84,0,84,14846,10382,4464,0,14846,0,0,0,0,*,*,*,0,5752,5752,0,9094,
Jun21,Stanislaus,,50,2020-21,2021,Jun 2021,0,79,35,114,18,96,109,0,109,109,0,109,149697,149697,0,0,149697,*,*,*,0,*,*,*,*,2997,1540,1457,146700,
Jun21,Sutter,,51,2020-21,2021,Jun 2021,0,0,*,*,*,0,0,0,0,0,0,0,3755,3755,0,0,3755,*,0,0,0,0,0,0,0,80,0,80,3675,
Jun21,Tehama,,52,2020-21,2021,Jun 2021,0,19,0,19,*,*,19,0,19,19,0,19,6492,6492,0,0,6492,0,*,*,*,0,*,0,*,4281,3252,1029,2211,
Jun21,Trinity,,53,2020-21,2021,Jun 2021,0,*,0,*,*,*,*,0,*,*,0,*,895,895,0,0,895,0,0,0,0,0,*,0,*,706,0,706,189,
Jun21,Tulare,,54,2020-21,2021,Jun 2021,0,596,41,637,34,603,197,*,*,199,*,*,38965,38965,0,858,38107,0,*,*,0,*,*,*,0,19251,19251,0,19714,
Jun21,Tuolumne,,55,2020-21,2021,Jun 2021,0,*,*,*,0,*,*,0,*,*,0,*,2010,2010,0,0,2010,0,0,0,0,0,0,0,0,30,0,30,1980,
Jun21,Ventura,,56,2020-21,2021,Jun 2021,0,*,*,82,*,*,88,0,88,88,0,88,19129,732,18397,0,19129,0,0,0,0,*,20,*,*,667,158,509,18462,
Jun21,Yolo,,57,2020-21,2021,Jun 2021,0,*,*,84,12,72,32,0,32,32,0,32,6590,3828,2762,0,6590,0,*,*,0,*,*,*,0,4211,4211,0,2379,
Jun21,Yuba,,58,2020-21,2021,Jun 2021,0,*,*,15,*,*,15,0,15,15,0,15,3172,2318,854,0,3172,0,*,*,0,0,*,*,0,1300,1300,0,1872,
